-- =========================================
-- DATA.SQL - DATOS INICIALES
-- =========================================
-- Este archivo se ejecuta automáticamente después de que JPA cree el esquema
-- Spring Boot garantiza el orden: 1) JPA crea tablas, 2) Este script inserta datos
--
-- IMPORTANTE: 
-- - Coloca aquí tus statements INSERT INTO
-- - Este archivo se ejecuta SIEMPRE que la aplicación inicia
-- - Para evitar duplicados, usa: ON CONFLICT DO NOTHING (PostgreSQL)
--
-- EJEMPLO:
-- INSERT INTO usuarios (id, nombre, email) 
-- VALUES (1, 'Admin', 'admin@example.com')
-- ON CONFLICT (id) DO NOTHING;
-- =========================================

-- COLOCA TUS INSERTS AQUÍ:
-- Copia el contenido de tu archivo SQL desde /scripts/ a esta sección

-- INSERT de usuarios para login 

INSERT INTO public.sec_user_data (
  sec_usr_id,
  sec_usr_fname,
  sec_usr_lname,
  sec_usr_pwd,
  sec_usr_type
) VALUES
('USER001','User','User','$2a$10$3xTrn120p0B/RHPfKAmxZOluLjzEka1cZVZkGDep5OizXscIF4gEW','U'),
('ADMIN001','Admin','Admin','$2a$10$ZkLA3NG9daaPXzX79XuxeugVqHF/6awI9WvvhTgUHT9QXJUTW/..y','A')
ON CONFLICT (sec_usr_id) DO NOTHING;

-- INSERT statements para la tabla public.customer

INSERT INTO public.customer (
	cust_id,
	cust_addr_line_1,
	cust_addr_line_2,
	cust_addr_line_3,
	cust_addr_country_cd,
	cust_dob,cust_eft_account_id,
	cust_fico_credit_score,
	cust_first_name,
	cust_govt_issued_id,
	cust_last_name,
	cust_middle_name,
	cust_phone_num_1,
	cust_phone_num_2,
	cust_pri_card_holder_ind,
	cust_ssn,
	cust_addr_state_cd,
	cust_addr_zip) VALUES
(1,'618 Deshaun Route','Apt. 802','Altenwerthshire','USA','1961-06-08','0053581756',274,'Immanuel','00000000000049368437','Kessler','Madeline','(908)119-8310','(373)693-8684','Y','020973888','NC','12546'),
(2,'4917 Myrna Flats','Apt. 453','West Bernita','USA','1961-10-08','0069194009',268,'Enrico','00000000000506210371','Rosenbaum','April','(429)706-9510','(744)950-5272','Y','587518382','IN','22770'),
(3,'362 Esta Parks','Apt. 390','New Gladys','USA','1987-11-30','0006465789',616,'Larry','00000000000052419303','Homenick','Cody','(950)396-9024','(685)168-8826','Y','317460867','GA','19852-6716'),
(4,'638 Blanda Gateway','Apt. 076','Lake Virginie','USA','1985-01-13','0040802739',776,'Delbert','00000000000068579249','Parisian','Kaia','(801)603-4121','(156)074-6837','Y','660354258','MI','39035-0455'),
(5,'5653 Legros Plaza','Apt. 968','Alvinaport','USA','1971-09-29','0006365573',529,'Treva','00000000000639799754','Schowalter','Manley','(978)775-4633','(439)943-7644','Y','611264288','MI','02251-1698'),
(6,'3963 Yasmin Port','Suite 756','Port Josephstad','USA','1994-11-29','0067163009',753,'Ignacio','00000000000975535496','Douglas','Emery','(277)743-4266','(519)010-8739','Y','880329521','VI','46713-5148'),
(7,'6490 Zakary Locks','Apt. 765','Madieport','USA','1977-05-06','0024571415',499,'Cooper','00000000000959013170','Mayert','Dennis','(698)282-4096','(458)199-0016','Y','835138951','AL','34206-2974'),
(8,'0925 Welch Streets','Apt. 152','North Nanniestad','USA','1964-03-25','0033132723',51,'Kelsie','00000000000109746991','Dicki','Jordyn','(345)563-7159','(443)197-1271','Y','295270759','SC','27610'),
(9,'87893 Samson Flats','Apt. 135','New Braden','USA','1975-11-07','0039446039',699,'Melvin','00000000000568299451','Ondricka','Regan','(035)456-1404','(412)440-3130','Y','842035847','VI','21113'),
(10,'77933 Adah Dale','Suite 343','Andersonfurt','USA','1980-06-11','0093803568',476,'Maybell','00000000000212824755','Mann','Creola','(614)594-2619','(667)057-0235','Y','754755746','CT','44803-4279'),
(11,'14895 Everette Ridges','Apt. 443','Julianneburgh','USA','1986-11-03','0002650577',209,'Hayden','00000000000111190855','Pfannerstill','Ressie','(002)533-6980','(553)586-7718','Y','493538586','WA','24984'),
(12,'80501 Isac Cliffs','Suite 623','Predovicton','USA','1984-02-18','0061317348',688,'Maci','00000000000902143351','Robel','Alan','(584)045-5200','(610)244-0407','Y','666114218','MN','78861'),
(13,'2689 Derick Mission','Suite 055','Bruenfurt','USA','1999-03-09','0044807431',53,'Mariane','00000000000181377220','Fadel','Oma','(875)943-7287','(075)550-6435','Y','757924569','OR','02322'),
(14,'747 Dino Lodge','Apt. 850','West Chase','USA','1974-11-29','0048306401',243,'Chelsea','00000000000525955222','Marks','Ignacio','(141)807-6571','(284)088-9052','Y','655128548','RI','12914-8465'),
(15,'36365 Ledner Drives','Suite 882','Port Efrainland','USA','1964-12-06','0000634612',681,'Aubree','00000000000230369941','Hermann','Elliot','(769)100-7971','(366)310-2061','Y','033922034','DE','63205-7014'),
(16,'06988 Thiel Falls','Suite 148','Concepcionland','USA','1983-04-27','0012556599',326,'Carroll','00000000000293265752','Bergstrom','Cicero','(631)343-8667','(938)648-3716','Y','649827971','VT','84390'),
(17,'95666 Dare Isle','Suite 286','New Presley','USA','1979-01-26','0052356071',54,'Sigrid','00000000000497606357','Mann','Angeline','(087)314-2070','(541)003-6606','Y','303334693','FM','56181-0584'),
(18,'133 Bergnaum Square','Apt. 328','Hansenville','USA','1987-03-25','0086459831',340,'Emile','00000000000088341821','White','Jairo','(303)654-3323','(520)186-2176','Y','385849271','AP','96003-5867'),
(19,'6273 Ondricka Meadows','Apt. 130','New Arturoshire','USA','1991-01-07','0036492057',259,'Hadley','00000000000270176387','Hamill','Sigrid','(817)452-4986','(724)901-6019','Y','439569907','RI','48161'),
(20,'5845 Allison Valleys','Suite 934','Mitchellmouth','USA','1996-04-14','0036749754',493,'Carter','00000000000342661293','Veum','Oren','(618)994-0531','(571)695-4136','Y','717778238','MH','72362'),
(21,'401 Haylie Crest','Apt. 320','North Myrnaton','USA','1977-11-15','0011744660',163,'Jerrold','00000000000027656260','Maggio','Adolphus','(399)526-3254','(326)193-1118','Y','336490822','CA','72407'),
(22,'4467 Donnie Crossroad','Apt. 437','Anabelton','USA','1994-02-20','0024791470',597,'Allene','00000000000691159853','Brown','Icie','(231)251-5792','(494)652-0009','Y','292059024','MD','01993-9116'),
(23,'2433 Jacobi Forks','Apt. 845','Hendersonbury','USA','1998-12-07','0075158529',337,'Johnson','00000000000268967122','Ruecker','Blanca','(981)873-1589','(131)638-5974','Y','944154289','KS','78239-9466'),
(24,'6367 Stracke River','Apt. 444','East Otho','USA','1996-01-24','0005459662',711,'Stefanie','00000000000439244633','Dickinson','Verla','(617)348-9142','(330)116-5634','Y','017590544','KS','15414'),
(25,'9524 McKenzie Lakes','Suite 245','West Alexa','USA','1989-03-27','0032297533',355,'Elliott','00000000000548223048','Howell','Fermin','(092)336-8599','(311)969-1460','Y','788820436','NH','75721-7382'),
(26,'30161 Bogan Canyon','Suite 916','Walshberg','USA','1990-03-17','0060808858',1,'Marjory','00000000000947411626','Stracke','Damien','(584)772-2867','(819)733-9809','Y','840478806','IL','59945'),
(27,'210 Amaya Turnpike','Suite 180','Port Dwight','USA','1986-11-08','0050024139',78,'Ward','00000000000881558757','Jones','Henri','(935)027-1145','(103)537-5007','Y','980161210','GU','07923-8822'),
(28,'06816 Ursula Meadows','Suite 605','South Aurore','USA','1991-06-05','0026946180',114,'Hester','00000000000514187796','Hane','Vesta','(122)357-7257','(050)352-6579','Y','677986013','AS','77442-7954'),
(29,'676 Funk Curve','Apt. 375','Hayesstad','USA','1973-04-05','0067736493',552,'Rickie','00000000000062745655','Daugherty','Otho','(418)291-9023','(795)634-7776','Y','015027332','NH','01226'),
(30,'269 Eleazar Circle','Apt. 817','Kutchland','USA','1965-11-28','0050520060',133,'Layla','00000000000492021686','Ullrich','Dannie','(330)408-6966','(413)347-7306','Y','866102152','AK','64266'),
(31,'919 Swift Valleys','Suite 548','Hermanborough','USA','1976-08-03','0092999757',58,'Lucious','00000000000618310539','OConnell','Otto','(259)414-9625','(118)946-9264','Y','357462348','MS','56133-5636'),
(32,'63452 Kenny Streets','Apt. 116','Predovicburgh','USA','1980-11-19','0035970593',221,'Stephany','00000000000206200341','Fisher','Meda','(202)436-5156','(246)296-3533','Y','146204208','AK','85943-7605'),
(33,'877 Kassandra Ranch','Suite 956','Haleyport','USA','1988-05-19','0065245171',469,'Bernice','00000000000400605429','Herman','Norbert','(836)743-5487','(640)208-1176','Y','144195105','AR','19113-4329'),
(34,'44132 Michel Square','Suite 007','South Margarettaburgh','USA','1994-03-21','0067445089',104,'Faustino','00000000000159882533','Schmidt','Jess','(179)036-5135','(986)905-0112','Y','548088300','ME','49544-2869'),
(35,'396 Pearl Loop','Suite 383','Pfefferhaven','USA','1987-06-23','0047435332',793,'Angelica','00000000000977144839','Dach','Damaris','(303)480-9098','(637)710-7367','Y','220547115','LA','46142'),
(36,'35943 Raleigh Harbor','Apt. 116','Lake Derekburgh','USA','1991-03-31','0066461979',266,'Toney','00000000000942029210','Gerhold','Emerald','(034)271-9180','(507)529-4523','Y','420360688','AL','10932-0480'),
(37,'91196 Heaney Turnpike','Suite 814','Lubowitzberg','USA','1984-12-09','0066111704',653,'Shany','00000000000524312632','Walker','Darby','(052)759-5167','(706)896-1282','Y','891897974','NV','11857-8177'),
(38,'65482 Zoila Skyway','Apt. 054','East Malachi','USA','1990-05-28','0018048939',446,'Angela','00000000000335562141','Ankunding','Ceasar','(316)640-2650','(148)111-1148','Y','764307306','VA','63928-0008'),
(39,'5761 Pasquale Trail','Apt. 616','New Sabryna','USA','1972-08-26','0061869530',475,'Aliyah','00000000000553254403','Berge','Horace','(089)096-3287','(768)959-4733','Y','510793388','IA','74267'),
(40,'23499 Beer Views','Suite 816','Erniechester','USA','1992-01-26','0087069976',284,'Davon','00000000000398353299','Emmerich','Demond','(463)762-3017','(419)414-2177','Y','054960660','TX','87156-8689'),
(41,'3220 Yolanda Corner','Suite 649','East Harmonystad','USA','1967-02-20','0007315287',725,'Lucinda','00000000000919653442','Dach','Kiana','(284)052-5831','(091)234-2144','Y','643942675','VT','72971-7481'),
(42,'5523 Archibald Club','Apt. 358','Reillyland','USA','1964-11-03','0079262985',44,'Heather','00000000000997029966','Nienow','Ericka','(640)954-4538','(565)873-6897','Y','800455633','FM','83589'),
(43,'97765 Bernhard Fort','Apt. 666','South Marisaview','USA','1966-10-16','0053043599',558,'Britney','00000000000244555805','Waters','Jermain','(407)042-6952','(438)659-6397','Y','262568593','OK','10050-7980'),
(44,'978 Fatima Stream','Apt. 110','Lake King','USA','1984-04-04','0032076778',145,'Irving','00000000000934420974','Emard','Kiera','(703)484-5840','(537)392-5569','Y','318104527','ID','05704-0501'),
(45,'441 Levi Prairie','Suite 749','Abbottshire','USA','2001-12-12','0027833000',629,'Dixie','00000000000885743286','Beier','Norris','(697)143-3221','(499)287-7255','Y','352819961','NV','09048'),
(46,'494 Lang Avenue','Apt. 937','Alexandroview','USA','1987-12-14','0017535749',514,'Cindy','00000000000762699577','Cremin','Kira','(358)349-2574','(077)525-9966','Y','656405528','PW','63082-4520'),
(47,'00097 Gleichner Spur','Apt. 932','Port Aidanborough','USA','1979-02-25','0022102472',722,'Rigoberto','00000000000567601472','Hoeger','Savanna','(946)322-6160','(973)443-8438','Y','029222192','GU','31329-6973'),
(48,'453 Rosina Mountain','Apt. 011','Albertville','USA','1986-08-17','0046317382',746,'Lyric','00000000000265392832','Pacocha','Mackenzie','(950)497-1005','(004)244-7955','Y','635734407','OR','83985-4937'),
(49,'5423 Esther Locks','Apt. 142','Langoshstad','USA','2000-01-05','0058726120',148,'Immanuel','00000000000424495981','Bednar','Ellie','(843)095-2553','(615)988-9038','Y','813044111','GA','12288-3495'),
(50,'1588 Nienow Cape','Suite 187','New Aricchester','USA','1960-12-01','0074883577',623,'Aniya','00000000000030387824','Von','Alba','(325)301-0827','(493)985-9283','Y','931248469','OR','04257')
ON CONFLICT (cust_id) DO NOTHING;


-- INSERT statements para la tabla public.account

INSERT INTO public.account (
  acct_id,
  acct_active_status,
  acct_curr_bal,
  acct_credit_limit,
  acct_cash_credit_limit,
  acct_open_date,
  acct_expiration_date,
  acct_reissue_date,
  acct_curr_cyc_credit,
  acct_curr_cyc_debit, 
  acct_addr_zip, 
  acct_group_id) VALUES
(00000000001, 'Y', 194.00, 2020.00, 1020.00, '2014-11-20', '2025-05-20', '2025-05-20', 0.00, 0.00, 'A000000000', NULL),
(00000000002, 'Y', 158.00, 6130.00, 5448.00, '2013-06-19', '2024-08-11', '2024-08-11', 0.00, 0.00, 'A000000000', NULL),
(00000000003, 'Y', 147.00, 4909.00, 538.00, '2013-08-23', '2024-01-10', '2024-01-10', 0.00, 0.00, 'A000000000', NULL),
(00000000004, 'Y', 40.00, 3503.00, 2789.00, '2012-11-17', '2023-12-16', '2023-12-16', 0.00, 0.00, 'A000000000', NULL),
(00000000005, 'Y', 345.00, 3819.00, 2430.00, '2012-10-03', '2025-03-09', '2025-03-09', 0.00, 0.00, 'A000000000', NULL),
(00000000006, 'Y', 218.00, 3584.00, 2948.00, '2017-12-23', '2025-10-08', '2025-10-08', 0.00, 0.00, 'A000000000', NULL),
(00000000007, 'Y', 193.00, 2065.00, 264.00, '2012-10-12', '2024-12-13', '2024-12-13', 0.00, 0.00, 'A000000000', NULL),
(00000000008, 'Y', 605.00, 6104.00, 1318.00, '2012-01-04', '2024-05-20', '2024-05-20', 0.00, 0.00, 'A000000000', NULL),
(00000000009, 'Y', 560.00, 8201.00, 2065.00, '2016-08-27', '2024-12-27', '2024-12-27', 0.00, 0.00, 'A000000000', NULL),
(00000000010, 'Y', 159.00, 5401.00, 4442.00, '2015-09-13', '2023-01-27', '2023-01-27', 0.00, 0.00, 'A000000000', NULL),
(00000000011, 'Y', 212.00, 4998.00, 3175.00, '2014-09-12', '2025-03-12', '2025-03-12', 0.00, 0.00, 'A000000000', NULL),
(00000000012, 'Y', 176.00, 4636.00, 388.00, '2009-06-17', '2023-07-07', '2023-07-07', 0.00, 0.00, 'A000000000', NULL),
(00000000013, 'Y', 41.00, 7542.00, 4922.00, '2017-10-01', '2024-08-04', '2024-08-04', 0.00, 0.00, 'A000000000', NULL),
(00000000014, 'Y', 15.00, 2254.00, 212.00, '2010-12-04', '2025-12-11', '2025-12-11', 0.00, 0.00, 'A000000000', NULL),
(00000000015, 'Y', 489.00, 8441.00, 3833.00, '2009-10-06', '2025-06-09', '2025-06-09', 0.00, 0.00, 'A000000000', NULL),
(00000000016, 'Y', 733.00, 8922.00, 2632.00, '2014-09-11', '2024-01-25', '2024-01-25', 0.00, 0.00, 'A000000000', NULL),
(00000000017, 'Y', 33.00, 568.00, 510.00, '2014-05-17', '2025-03-01', '2025-03-01', 0.00, 0.00, 'A000000000', NULL),
(00000000018, 'Y', 144.00, 2903.00, 1496.00, '2018-11-15', '2023-09-10', '2023-09-10', 0.00, 0.00, 'A000000000', NULL),
(00000000019, 'Y', 480.00, 6986.00, 3723.00, '2011-12-14', '2025-07-23', '2025-07-23', 0.00, 0.00, 'A000000000', NULL),
(00000000020, 'Y', 369.00, 3767.00, 1040.00, '2014-02-27', '2024-03-13', '2024-03-13', 0.00, 0.00, 'A000000000', NULL),
(00000000021, 'Y', 112.00, 1264.00, 180.00, '2011-10-19', '2023-01-06', '2023-01-06', 0.00, 0.00, 'A000000000', NULL),
(00000000022, 'Y', 55.00, 8599.00, 4712.00, '2016-11-21', '2025-12-28', '2025-12-28', 0.00, 0.00, 'A000000000', NULL),
(00000000023, 'Y', 104.00, 3377.00, 2904.00, '2012-03-15', '2025-03-18', '2025-03-18', 0.00, 0.00, 'A000000000', NULL),
(00000000024, 'Y', 400.00, 5174.00, 4129.00, '2015-08-08', '2025-02-11', '2025-02-11', 0.00, 0.00, 'A000000000', NULL),
(00000000025, 'Y', 61.00, 8194.00, 6582.00, '2012-10-26', '2025-07-10', '2025-07-10', 0.00, 0.00, 'A000000000', NULL),
(00000000026, 'Y', 46.00, 2181.00, 1375.00, '2009-04-20', '2024-12-19', '2024-12-19', 0.00, 0.00, 'A000000000', NULL),
(00000000027, 'Y', 284.00, 5572.00, 2075.00, '2012-09-30', '2025-07-13', '2025-07-13', 0.00, 0.00, 'A000000000', NULL),
(00000000028, 'Y', 68.00, 868.00, 547.00, '2015-05-20', '2024-05-09', '2024-05-09', 0.00, 0.00, 'A000000000', NULL),
(00000000029, 'Y', 339.00, 5511.00, 4361.00, '2015-11-03', '2024-06-04', '2024-06-04', 0.00, 0.00, 'A000000000', NULL),
(00000000030, 'Y', 2.00, 120.00, 93.00, '2011-08-26', '2024-06-27', '2024-06-27', 0.00, 0.00, 'A000000000', NULL),
(00000000031, 'Y', 31.00, 1140.00, 1077.00, '2017-02-25', '2025-06-08', '2025-06-08', 0.00, 0.00, 'A000000000', NULL),
(00000000032, 'Y', 30.00, 1175.00, 846.00, '2013-11-10', '2025-05-19', '2025-05-19', 0.00, 0.00, 'A000000000', NULL),
(00000000033, 'Y', 410.00, 6404.00, 951.00, '2012-10-11', '2025-10-07', '2025-10-07', 0.00, 0.00, 'A000000000', NULL),
(00000000034, 'Y', 253.00, 3642.00, 2770.00, '2009-05-10', '2025-10-06', '2025-10-06', 0.00, 0.00, 'A000000000', NULL),
(00000000035, 'Y', 166.00, 1947.00, 1525.00, '2018-02-02', '2025-09-23', '2025-09-23', 0.00, 0.00, 'A000000000', NULL),
(00000000036, 'Y', 110.00, 3328.00, 839.00, '2018-07-18', '2024-12-23', '2024-12-23', 0.00, 0.00, 'A000000000', NULL),
(00000000037, 'Y', 7.00, 446.00, 166.00, '2016-09-10', '2023-10-24', '2023-10-24', 0.00, 0.00, 'A000000000', NULL),
(00000000038, 'Y', 612.00, 6505.00, 3476.00, '2010-08-12', '2023-07-23', '2023-07-23', 0.00, 0.00, 'A000000000', NULL),
(00000000039, 'Y', 843.00, 9750.00, 6212.00, '2018-08-26', '2025-09-08', '2025-09-08', 0.00, 0.00, 'A000000000', NULL),
(00000000040, 'Y', 43.00, 5823.00, 1674.00, '2010-02-13', '2023-10-27', '2023-10-27', 0.00, 0.00, 'A000000000', NULL),
(00000000041, 'Y', 375.00, 6721.00, 3429.00, '2015-02-07', '2023-04-24', '2023-04-24', 0.00, 0.00, 'A000000000', NULL),
(00000000042, 'Y', 302.00, 6563.00, 5103.00, '2016-09-19', '2025-09-19', '2025-09-19', 0.00, 0.00, 'A000000000', NULL),
(00000000043, 'Y', 610.00, 6168.00, 1206.00, '2012-04-09', '2025-08-29', '2025-08-29', 0.00, 0.00, 'A000000000', NULL),
(00000000044, 'Y', 263.00, 6899.00, 4432.00, '2018-12-01', '2024-01-17', '2024-01-17', 0.00, 0.00, 'A000000000', NULL),
(00000000045, 'Y', 186.00, 2719.00, 688.00, '2010-12-31', '2025-07-09', '2025-07-09', 0.00, 0.00, 'A000000000', NULL),
(00000000046, 'Y', 396.00, 7007.00, 5438.00, '2013-09-06', '2025-06-20', '2025-06-20', 0.00, 0.00, 'A000000000', NULL),
(00000000047, 'Y', 32.00, 2338.00, 159.00, '2014-04-03', '2025-08-23', '2025-08-23', 0.00, 0.00, 'A000000000', NULL),
(00000000048, 'Y', 226.00, 2306.00, 612.00, '2017-03-18', '2025-02-06', '2025-02-06', 0.00, 0.00, 'A000000000', NULL),
(00000000049, 'Y', 100.00, 9048.00, 4807.00, '2019-04-06', '2023-09-17', '2023-09-17', 0.00, 0.00, 'A000000000', NULL),
(00000000050, 'Y', 492.00, 6169.00, 4587.00, '2011-04-22', '2023-03-09', '2023-03-09', 0.00, 0.00, 'A000000000', NULL)
ON CONFLICT (acct_id) DO NOTHING;

-- INSERT statements para la tabla public.card

INSERT INTO public.card (
 card_num,
 card_acct_id,
 card_cvv_cd,
 card_embossed_name,
 card_expiration_date,
 card_active_status) VALUES
('0500024453765740', 00000000050, 747, 'Aniya Von', '2023-03-09', 'A'),
('0683586198171516', 00000000027, 567, 'Ward Jones', '2025-07-13', 'A'),
('0923877193247330', 00000000002, 28, 'Enrico Rosenbaum', '2024-08-11', 'A'),
('0927987108636232', 00000000020, 3, 'Carter Veum', '2024-03-13', 'A'),
('0982496213629795', 00000000012, 75, 'Maci Robel', '2023-07-07', 'A'),
('1014086565224350', 00000000044, 640, 'Irving Emard', '2024-01-17', 'A'),
('1142167692878931', 00000000037, 625, 'Shany Walker', '2023-10-24', 'A'),
('1561409106491600', 00000000035, 31, 'Angelica Dach', '2025-09-23', 'A'),
('2745303720002090', 00000000039, 33, 'Aliyah Berge', '2025-09-08', 'A'),
('2760836797107565', 00000000024, 859, 'Stefanie Dickinson', '2025-02-11', 'A'),
('2871968252812490', 00000000006, 775, 'Ignacio Douglas', '2025-10-08', 'A'),
('2940139362300449', 00000000022, 876, 'Allene Brown', '2025-12-28', 'A'),
('2988091353094312', 00000000004, 795, 'Delbert Parisian', '2023-12-16', 'A'),
('3260763612337560', 00000000010, 342, 'Maybell Mann', '2023-01-27', 'A'),
('3766281984155154', 00000000041, 622, 'Lucinda Dach', '2023-04-24', 'A'),
('3940246016141489', 00000000019, 375, 'Hadley Hamill', '2025-07-23', 'A'),
('3999169246375885', 00000000003, 317, 'Larry Homenick', '2024-01-10', 'A'),
('4011500891777367', 00000000013, 390, 'Mariane Fadel', '2024-08-04', 'A'),
('4385271476627819', 00000000034, 709, 'Faustino Schmidt', '2025-10-06', 'A'),
('4534784102713951', 00000000036, 644, 'Toney Gerhold', '2024-12-23', 'A'),
('4859452612877065', 00000000007, 321, 'Cooper Mayert', '2024-12-13', 'A'),
('5407099850479866', 00000000021, 524, 'Jerrold Maggio', '2023-01-06', 'A'),
('5656830544981216', 00000000046, 196, 'Cindy Cremin', '2025-06-20', 'A'),
('5671184478505844', 00000000018, 137, 'Emile White', '2023-09-10', 'A'),
('5787351228879339', 00000000047, 67, 'Rigoberto Hoeger', '2025-08-23', 'A'),
('5975117516616077', 00000000042, 426, 'Heather Nienow', '2025-09-19', 'A'),
('6009619150674526', 00000000005, 21, 'Treva Schowalter', '2025-03-09', 'A'),
('6349250331648509', 00000000015, 735, 'Aubree Hermann', '2025-06-09', 'A'),
('6503535181795992', 00000000048, 413, 'Lyric Pacocha', '2025-02-06', 'A'),
('6509230362553816', 00000000030, 236, 'Layla Ullrich', '2024-06-27', 'A'),
('6723000463207764', 00000000028, 486, 'Hester Hane', '2024-05-09', 'A'),
('6727055190616014', 00000000016, 641, 'Carroll Bergstrom', '2024-01-25', 'A'),
('6832676047698087', 00000000033, 983, 'Bernice Herman', '2025-10-07', 'A'),
('7026637615032277', 00000000031, 920, 'Lucious O''Connell', '2025-06-08', 'A'),
('7058267261837752', 00000000043, 401, 'Britney Waters', '2025-08-29', 'A'),
('7094142751055551', 00000000032, 659, 'Stephany Fisher', '2025-05-19', 'A'),
('7251508149188883', 00000000029, 717, 'Rickie Daugherty', '2024-06-04', 'A'),
('7379335634661142', 00000000045, 134, 'Dixie Beier', '2025-07-09', 'A'),
('7427684863423209', 00000000011, 892, 'Hayden Pfannerstill', '2025-03-12', 'A'),
('7443870988897530', 00000000038, 708, 'Angela Ankunding', '2023-07-23', 'A'),
('8040580410348680', 00000000026, 971, 'Marjory Stracke', '2024-12-19', 'A'),
('8112545834239735', 00000000023, 440, 'Johnson Ruecker', '2025-03-18', 'A'),
('8262593602473076', 00000000049, 457, 'Immanuel Bednar', '2023-09-17', 'A'),
('8517866958206008', 00000000014, 955, 'Chelsea Marks', '2025-12-11', 'A'),
('8931369351894783', 00000000008, 230, 'Kelsie Dicki', '2024-05-20', 'A'),
('9056297931664011', 00000000025, 931, 'Elliott Howell', '2025-07-10', 'A'),
('9349107475869214', 00000000017, 218, 'Sigrid Mann', '2025-03-01', 'A'),
('9501733721429893', 00000000009, 725, 'Melvin Ondricka', '2024-12-27', 'A'),
('9680294154603697', 00000000001, 45, 'Immanuel Kessler', '2025-05-20', 'A'),
('9805583408996588', 00000000040, 908, 'Davon Emmerich', '2023-10-27', 'A')
ON CONFLICT (card_num) DO NOTHING;

-- INSERT statements para la tabla public.card_xref

INSERT INTO public.card_xref (xref_card_num, xref_cust_id, xref_acct_id, created_date, filler, updated_date) VALUES
('0500024453765740', 000000050, 00000000050, NULL, NULL, NULL),
('0683586198171516', 000000027, 00000000027, NULL, NULL, NULL),
('0923877193247330', 000000002, 00000000002, NULL, NULL, NULL),
('0927987108636232', 000000020, 00000000020, NULL, NULL, NULL),
('0982496213629795', 000000012, 00000000012, NULL, NULL, NULL),
('1014086565224350', 000000044, 00000000044, NULL, NULL, NULL),
('1142167692878931', 000000037, 00000000037, NULL, NULL, NULL),
('1561409106491600', 000000035, 00000000035, NULL, NULL, NULL),
('2745303720002090', 000000039, 00000000039, NULL, NULL, NULL),
('2760836797107565', 000000024, 00000000024, NULL, NULL, NULL),
('2871968252812490', 000000006, 00000000006, NULL, NULL, NULL),
('2940139362300449', 000000022, 00000000022, NULL, NULL, NULL),
('2988091353094312', 000000004, 00000000004, NULL, NULL, NULL),
('3260763612337560', 000000010, 00000000010, NULL, NULL, NULL),
('3766281984155154', 000000041, 00000000041, NULL, NULL, NULL),
('3940246016141489', 000000019, 00000000019, NULL, NULL, NULL),
('3999169246375885', 000000003, 00000000003, NULL, NULL, NULL),
('4011500891777367', 000000013, 00000000013, NULL, NULL, NULL),
('4385271476627819', 000000034, 00000000034, NULL, NULL, NULL),
('4534784102713951', 000000036, 00000000036, NULL, NULL, NULL),
('4859452612877065', 000000007, 00000000007, NULL, NULL, NULL),
('5407099850479866', 000000021, 00000000021, NULL, NULL, NULL),
('5656830544981216', 000000046, 00000000046, NULL, NULL, NULL),
('5671184478505844', 000000018, 00000000018, NULL, NULL, NULL),
('5787351228879339', 000000047, 00000000047, NULL, NULL, NULL),
('5975117516616077', 000000042, 00000000042, NULL, NULL, NULL),
('6009619150674526', 000000005, 00000000005, NULL, NULL, NULL),
('6349250331648509', 000000015, 00000000015, NULL, NULL, NULL),
('6503535181795992', 000000048, 00000000048, NULL, NULL, NULL),
('6509230362553816', 000000030, 00000000030, NULL, NULL, NULL),
('6723000463207764', 000000028, 00000000028, NULL, NULL, NULL),
('6727055190616014', 000000016, 00000000016, NULL, NULL, NULL),
('6832676047698087', 000000033, 00000000033, NULL, NULL, NULL),
('7026637615032277', 000000031, 00000000031, NULL, NULL, NULL),
('7058267261837752', 000000043, 00000000043, NULL, NULL, NULL),
('7094142751055551', 000000032, 00000000032, NULL, NULL, NULL),
('7251508149188883', 000000029, 00000000029, NULL, NULL, NULL),
('7379335634661142', 000000045, 00000000045, NULL, NULL, NULL),
('7427684863423209', 000000011, 00000000011, NULL, NULL, NULL),
('7443870988897530', 000000038, 00000000038, NULL, NULL, NULL),
('8040580410348680', 000000026, 00000000026, NULL, NULL, NULL),
('8112545834239735', 000000023, 00000000023, NULL, NULL, NULL),
('8262593602473076', 000000049, 00000000049, NULL, NULL, NULL),
('8517866958206008', 000000014, 00000000014, NULL, NULL, NULL),
('8931369351894783', 000000008, 00000000008, NULL, NULL, NULL),
('9056297931664011', 000000025, 00000000025, NULL, NULL, NULL),
('9349107475869214', 000000017, 00000000017, NULL, NULL, NULL),
('9501733721429893', 000000009, 00000000009, NULL, NULL, NULL),
('9680294154603697', 000000001, 00000000001, NULL, NULL, NULL),
('9805583408996588', 000000040, 00000000040, NULL, NULL, NULL)
ON CONFLICT (xref_card_num) DO NOTHING;

-- INSERT tabla public.daily_transactions

INSERT INTO public.daily_transactions (
	transaction_id,
	type_code,
	category_code,
	source,
	description,
	amount,
	merchant_id,
	merchant_name,
	merchant_city,
	merchant_zip,
	card_number,
	original_timestamp
) VALUES

('0000000000683580','01',0001,'POS TERM','Purchase at Abshire-Lowe',504.76,800000000,'Abshire-Lowe','North Enoshaven','72112','4859452612877065','2022-06-10 19:27:53.000000'),
('0000000001774260','03',0001,'OPERATOR','Return item at Nitzsche, Nicolas and Lowe',-919.09,800000000,'Nitzsche, Nicolas and Lowe','Fidelshire','53378','0927987108636232','2022-06-10 19:27:53.000000'),
('0000000006292564','01',0001,'POS TERM','Purchase at Ernser, Roob and Gleason',67.87,800000000,'Ernser, Roob and Gleason','North Makenziemouth','78487-7965','6009619150674526','2022-06-10 19:27:53.000000'),
('0000000009101861','01',0001,'POS TERM','Purchase at Guann LLC',281.76,800000000,'Guann LLC','South Lynn','51508-9166','8040580410348680','2022-06-10 19:27:53.000000'),
('0000000010142252','01',0001,'POS TERM','Purchase at Kertzmann-Schoen',454.65,800000000,'Kertzmann-Schoen','East Eulahstad','98754-1089','5656830544981216','2022-06-10 19:27:53.000000'),
('0000000010229018','01',0001,'POS TERM','Purchase at Gislason-Medhurst',849.98,800000000,'Gislason-Medhurst','Colleenburgh','23712-2080','7379335634661142','2022-06-10 19:27:53.000000'),
('0000000016259484','03',0001,'OPERATOR','Return item at Sipes Inc',-56.76,800000000,'Sipes Inc','Emilioside','93329','4011500891777367','2022-06-10 19:27:53.000000'),
('0000000017874199','01',0001,'POS TERM','Purchase at Legros Group',373.65,800000000,'Legros Group','Carmeloborough','34849-5127','8040580410348680','2022-06-10 19:27:53.000000'),
('0000000019065428','03',0001,'OPERATOR','Return item at Turcotte Group',-535.87,800000000,'Turcotte Group','Andrewfurt','41346-3789','6503535181795992','2022-06-10 19:27:53.000000'),
('0000000021711604','01',0001,'POS TERM','Purchase at Gleason, Shanahan and Reynolds',416.1,800000000,'Gleason, Shanahan and Reynolds','Myrticeport','21768-0823','9501733721429893','2022-06-10 19:27:53.000000'),
('0000000025430891','01',0001,'POS TERM','Purchase at Beatty-Hessel',94.32,800000000,'Beatty-Hessel','Simonisport','52595','3260763612337560','2022-06-10 19:27:53.000000'),
('0000000028097268','01',0001,'POS TERM','Purchase at Wolf, Cruickshank and Bode',250.21,800000000,'Wolf, Cruickshank and Bode','Fritzchester','20195-5156','7094142751055551','2022-06-10 19:27:53.000000'),
('0000000030755266','01',0001,'POS TERM','Purchase at Ratke LLC',829.54,800000000,'Ratke LLC','Brendenfort','35302-6495','3766281984155154','2022-06-10 19:27:53.000000'),
('0000000032979555','01',0001,'POS TERM','Purchase at Treutel-Leffler',29.43,800000000,'Treutel-Leffler','New Nicolette','65014-0045','6509230362553816','2022-06-10 19:27:53.000000'),
('0000000033688127','01',0001,'POS TERM','Purchase at Schinner-Steuber',958.98,800000000,'Schinner-Steuber','Schmittchester','50777-5535','3766281984155154','2022-06-10 19:27:53.000000'),
('0000000040455859','01',0001,'POS TERM','Purchase at Brekke, Bradtke and Weimann',715.43,800000000,'Brekke, Bradtke and Weimann','Veummouth','18481-5013','1142167692878931','2022-06-10 19:27:53.000000'),
('0000000043636099','03',0001,'OPERATOR','Return item at Nader-Bayer',-945.65,800000000,'Nader-Bayer','Goyetteville','35324','2940139362300449','2022-06-10 19:27:53.000000'),
('0000000051205286','01',0001,'POS TERM','Purchase at Goodwin, Von and Krajcik',649.32,800000000,'Goodwin, Von and Krajcik','Ericmouth','03874','7094142751055551','2022-06-10 19:27:53.000000'),
('0000000054288996','01',0001,'POS TERM','Purchase at Cremin and Sons',502.65,800000000,'Cremin and Sons','Bartonside','08677','4534784102713951','2022-06-10 19:27:53.000000'),
('0000000054727064','01',0001,'POS TERM','Purchase at McDermott, Lockman and Weimann',303.1,800000000,'McDermott, Lockman and Weimann','West Nedra','05293','1014086565224350','2022-06-10 19:27:53.000000'),
('0000000058866561','01',0001,'POS TERM','Purchase at Blick-Rippin',183.87,800000000,'Blick-Rippin','East Julien','87157','0500024453765740','2022-06-10 19:27:53.000000'),
('0000000060921254','01',0001,'POS TERM','Purchase at Kihn-Quigley',779.32,800000000,'Kihn-Quigley','New Katrine','42756-0584','5787351228879339','2022-06-10 19:27:53.000000'),
('0000000061394789','03',0001,'OPERATOR','Return item at Heaney-Raynor',-70.98,800000000,'Heaney-Raynor','North Daisy','28696','2745303720002090','2022-06-10 19:27:53.000000'),
('0000000070754800','01',0001,'POS TERM','Purchase at Blick, Kris and Gerlach',355.1,800000000,'Blick, Kris and Gerlach','Lake Shawnabury','65183-0963','0923877193247330','2022-06-10 19:27:53.000000'),
('0000000072220498','01',0001,'POS TERM','Purchase at Graham LLC',660.1,800000000,'Graham LLC','Ozellaside','89313-0747','6349250331648509','2022-06-10 19:27:53.000000'),
('0000000084515950','01',0001,'POS TERM','Purchase at Bradtke Group',325.09,800000000,'Bradtke Group','Gerardland','63873','8931369351894783','2022-06-10 19:27:53.000000'),
('0000000085824369','01',0001,'POS TERM','Purchase at Pollich-Mosciski',999.76,800000000,'Pollich-Mosciski','Georgettemouth','85890','3999169246375885','2022-06-10 19:27:53.000000'),
('0000000095706092','01',0001,'POS TERM','Purchase at Swift, Wolf and Goldner',482.43,800000000,'Swift, Wolf and Goldner','Keeblerborough','31923-4503','8931369351894783','2022-06-10 19:27:53.000000'),
('0000000099965527','01',0001,'POS TERM','Purchase at Jaskolski-Rolfson',555.21,800000000,'Jaskolski-Rolfson','Lake Arjuntown','90924-2951','0927987108636232','2022-06-10 19:27:53.000000'),
('0000000100915314','01',0001,'POS TERM','Purchase at Gislason and Daughters',356.21,800000000,'Gislason and Daughters','Torphyville','09737','9805583408996588','2022-06-10 19:27:53.000000'),
('0000000107748365','01',0001,'POS TERM','Purchase at Waelchi and Daughters',274.09,800000000,'Waelchi and Daughters','Dickensborough','86052-1154','7094142751055551','2022-06-10 19:27:53.000000'),
('0000000108402349','01',0001,'POS TERM','Purchase at Lynch-Bode',633.09,800000000,'Lynch-Bode','New Cieloberg','85766','9349107475869214','2022-06-10 19:27:53.000000'),
('0000000109340521','01',0001,'POS TERM','Purchase at Runte and Sons',840.54,800000000,'Runte and Sons','Lake Chesleyfurt','94215','7379335634661142','2022-06-10 19:27:53.000000'),
('0000000109506921','01',0001,'POS TERM','Purchase at Will, Frami and Lynch',769.54,800000000,'Will, Frami and Lynch','South Cadefort','47040-3550','6832676047698087','2022-06-10 19:27:53.000000'),
('0000000111054243','01',0001,'POS TERM','Purchase at Pollich and Sons',948.43,800000000,'Pollich and Sons','West Burdetteburgh','51061-7710','6723000463207764','2022-06-10 19:27:53.000000'),
('0000000115716061','01',0001,'POS TERM','Purchase at Bednar, Marvin and Kozey',401.21,800000000,'Bednar, Marvin and Kozey','Port Marisolshire','89976-0867','2940139362300449','2022-06-10 19:27:53.000000'),
('0000000130111733','01',0001,'POS TERM','Purchase at Rogahn Group',777.32,800000000,'Rogahn Group','Keltonton','18842','0683586198171516','2022-06-10 19:27:53.000000'),
('0000000132831571','03',0001,'OPERATOR','Return item at Boehm-Sanford',-215.32,800000000,'Boehm-Sanford','Winifredville','93238-7169','1014086565224350','2022-06-10 19:27:53.000000'),
('0000000137879630','01',0001,'POS TERM','Purchase at Wiza-Langworth',46.65,800000000,'Wiza-Langworth','South Jayson','83135','5671184478505844','2022-06-10 19:27:53.000000'),
('0000000139910093','01',0001,'POS TERM','Purchase at Harris, Johnston and Harris',570.65,800000000,'Harris, Johnston and Harris','New Aurelia','81068','7251508149188883','2022-06-10 19:27:53.000000'),
('0000000142315472','01',0001,'POS TERM','Purchase at Kutch-Farrell',843.65,800000000,'Kutch-Farrell','Letatown','39869-9537','2871968252812490','2022-06-10 19:27:53.000000'),
('0000000143386237','01',0001,'POS TERM','Purchase at Blanda, Nienow and Hilpert',559.87,800000000,'Blanda, Nienow and Hilpert','Leuschkestad','24074-5513','8262593602473076','2022-06-10 19:27:53.000000'),
('0000000148803688','01',0001,'POS TERM','Purchase at Crist Inc',203.43,800000000,'Crist Inc','Spencerchester','18577','6509230362553816','2022-06-10 19:27:53.000000'),
('0000000152467982','01',0001,'POS TERM','Purchase at Kreiger and Sons',168.32,800000000,'Kreiger and Sons','North Lue','30616-5176','2745303720002090','2022-06-10 19:27:53.000000'),
('0000000160469204','01',0001,'POS TERM','Purchase at Greenfelder-Larson',864.43,800000000,'Greenfelder-Larson','New Mertie','06860','8040580410348680','2022-06-10 19:27:53.000000'),
('0000000166444519','01',0001,'POS TERM','Purchase at Wyman, Feest and Moen',183.21,800000000,'Wyman, Feest and Moen','Haleyborough','83262-3068','9056297931664011','2022-06-10 19:27:53.000000'),
('0000000169879332','01',0001,'POS TERM','Purchase at Buckridge, Fisher and Schroeder',256.09,800000000,'Buckridge, Fisher and Schroeder','Port Kiraport','29568','6723000463207764','2022-06-10 19:27:53.000000'),
('0000000173069364','01',0001,'POS TERM','Purchase at Runte-Schmidt',985.32,800000000,'Runte-Schmidt','Krajcikshire','03491-5716','8517866958206008','2022-06-10 19:27:53.000000'),
('0000000174748684','01',0001,'POS TERM','Purchase at McLaughlin-Reichel',19.98,800000000,'McLaughlin-Reichel','Rippinville','32264-6952','6727055190616014','2022-06-10 19:27:53.000000'),
('0000000183226769','01',0001,'POS TERM','Purchase at Conroy and Daughters',907.54,800000000,'Conroy and Daughters','Greenholtborough','24059-8704','8040580410348680','2022-06-10 19:27:53.000000'),
('0000000184933166','01',0001,'POS TERM','Purchase at Walker LLC',989.76,800000000,'Walker LLC','East Tavares','25508','7251508149188883','2022-06-10 19:27:53.000000'),
('0000000187573156','01',0001,'POS TERM','Purchase at Cruickshank and Daughters',579.76,800000000,'Cruickshank and Daughters','Bobbieberg','45382','0683586198171516','2022-06-10 19:27:53.000000'),
('0000000189414937','03',0001,'OPERATOR','Return item at Treutel-Douglas',-358.43,800000000,'Treutel-Douglas','Port Mittiestad','12880-0185','6349250331648509','2022-06-10 19:27:53.000000'),
('0000000191360674','01',0001,'POS TERM','Purchase at Wyman, Breitenberg and Gusikowski',848.32,800000000,'Wyman, Breitenberg and Gusikowski','Rosettaberg','51594-3147','2745303720002090','2022-06-10 19:27:53.000000'),
('0000000192039153','03',0001,'OPERATOR','Return item at Smith-Upton',-243.09,800000000,'Smith-Upton','Vandervortburgh','15012-1007','7058267261837752','2022-06-10 19:27:53.000000'),
('0000000194189303','01',0001,'POS TERM','Purchase at Dickinson and Sons',59.32,800000000,'Dickinson and Sons','Port Hunter','93555-8843','6727055190616014','2022-06-10 19:27:53.000000'),
('0000000196728331','03',0001,'OPERATOR','Return item at Hane and Sons',-744.76,800000000,'Hane and Sons','Erdmanberg','80151','7427684863423209','2022-06-10 19:27:53.000000'),
('0000000198494663','01',0001,'POS TERM','Purchase at Dietrich-Ledner',385.76,800000000,'Dietrich-Ledner','Lilastad','79844-4976','2745303720002090','2022-06-10 19:27:53.000000'),
('0000000201032783','01',0001,'POS TERM','Purchase at Heidenreich-Feil',326.43,800000000,'Heidenreich-Feil','North Christybury','32759','4011500891777367','2022-06-10 19:27:53.000000'),
('0000000202217428','01',0001,'POS TERM','Purchase at Simonis and Sons',299.32,800000000,'Simonis and Sons','Joanieview','81755-5489','4385271476627819','2022-06-10 19:27:53.000000'),
('0000000202886897','01',0001,'POS TERM','Purchase at Ryan-Homenick',175.87,800000000,'Ryan-Homenick','North Franciscaside','14400','2871968252812490','2022-06-10 19:27:53.000000'),
('0000000203305494','01',0001,'POS TERM','Purchase at Kunze, Koss and Erdman',479.21,800000000,'Kunze, Koss and Erdman','West Lempi','60316-4620','5787351228879339','2022-06-10 19:27:53.000000'),
('0000000204143988','01',0001,'POS TERM','Purchase at Buckridge-Stiedemann',76.32,800000000,'Buckridge-Stiedemann','Kuvalishaven','15327','3766281984155154','2022-06-10 19:27:53.000000'),
('0000000211219588','01',0001,'POS TERM','Purchase at Cummings, Nitzsche and Bosco',553.09,800000000,'Cummings, Nitzsche and Bosco','Cordeliamouth','55811','6723000463207764','2022-06-10 19:27:53.000000'),
('0000000218186931','03',0001,'OPERATOR','Return item at Reichert and Daughters',-835.1,800000000,'Reichert and Daughters','Amaliafort','31060-9178','8931369351894783','2022-06-10 19:27:53.000000'),
('0000000220001505','01',0001,'POS TERM','Purchase at Schmeler Group',929.76,800000000,'Schmeler Group','New Kennediburgh','39202-2380','6509230362553816','2022-06-10 19:27:53.000000'),
('0000000220745261','01',0001,'POS TERM','Purchase at Swaniawski, Torphy and Bruen',495.65,800000000,'Swaniawski, Torphy and Bruen','East Devenborough','70124','7026637615032277','2022-06-10 19:27:53.000000'),
('0000000223138231','01',0001,'POS TERM','Purchase at Prohaska, Grant and Hirthe',851.32,800000000,'Prohaska, Grant and Hirthe','Kennyview','79664','9501733721429893','2022-06-10 19:27:53.000000'),
('0000000224060323','01',0001,'POS TERM','Purchase at Kunze and Sons',343.76,800000000,'Kunze and Sons','Port Genoveva','96001','9349107475869214','2022-06-10 19:27:53.000000'),
('0000000226849749','03',0001,'OPERATOR','Return item at Smith, Cummings and Medhurst',-428.98,800000000,'Smith, Cummings and Medhurst','South Adriannaland','54229-7459','6009619150674526','2022-06-10 19:27:53.000000'),
('0000000232640164','01',0001,'POS TERM','Purchase at Blick LLC',160.98,800000000,'Blick LLC','East Ali','23808','7427684863423209','2022-06-10 19:27:53.000000'),
('0000000238329981','03',0001,'OPERATOR','Return item at Effertz, Ortiz and Gusikowski',-930.32,800000000,'Effertz, Ortiz and Gusikowski','Harrisonfurt','89418-4999','6509230362553816','2022-06-10 19:27:53.000000'),
('0000000241121967','03',0001,'OPERATOR','Return item at Kulas and Daughters',-445.54,800000000,'Kulas and Daughters','Billybury','68626-4996','6832676047698087','2022-06-10 19:27:53.000000'),
('0000000246307558','01',0001,'POS TERM','Purchase at Jacobi and Sons',816.76,800000000,'Jacobi and Sons','Lake Hoseaside','45822','7443870988897530','2022-06-10 19:27:53.000000'),
('0000000246312084','01',0001,'POS TERM','Purchase at Weimann-Graham',848.76,800000000,'Weimann-Graham','Thielburgh','41063-5412','2940139362300449','2022-06-10 19:27:53.000000'),
('0000000246549911','01',0001,'POS TERM','Purchase at Kulas, Reichert and OConner',339.54,800000000,'Kulas, Reichert and OConner','Travishaven','59094-4283','5787351228879339','2022-06-10 19:27:53.000000'),
('0000000248557079','01',0001,'POS TERM','Purchase at Strosin-Fadel',905.09,800000000,'Strosin-Fadel','Krajcikmouth','25843','5975117516616077','2022-06-10 19:27:53.000000'),
('0000000250062442','01',0001,'POS TERM','Purchase at Willms, Abshire and Daugherty',346.98,800000000,'Willms, Abshire and Daugherty','Shieldston','97909-1233','6009619150674526','2022-06-10 19:27:53.000000'),
('0000000252891459','01',0001,'POS TERM','Purchase at Nitzsche, Feil and Bergstrom',944.98,800000000,'Nitzsche, Feil and Bergstrom','Carriebury','40432-2594','6723000463207764','2022-06-10 19:27:53.000000'),
('0000000253579636','01',0001,'POS TERM','Purchase at DAmore-Batz',257.54,800000000,'DAmore-Batz','Collierview','97716','7443870988897530','2022-06-10 19:27:53.000000'),
('0000000253685514','01',0001,'POS TERM','Purchase at Von-Schmeler',496.32,800000000,'Von-Schmeler','Lake Maximillian','85711','4534784102713951','2022-06-10 19:27:53.000000'),
('0000000263663553','01',0001,'POS TERM','Purchase at Wehner, Turcotte and Nikolaus',526.1,800000000,'Wehner, Turcotte and Nikolaus','Fritschfort','75845-0688','6503535181795992','2022-06-10 19:27:53.000000'),
('0000000263926805','01',0001,'POS TERM','Purchase at Batz-Gaylord',210.32,800000000,'Batz-Gaylord','Beahanhaven','00022','0982496213629795','2022-06-10 19:27:53.000000'),
('0000000265935610','01',0001,'POS TERM','Purchase at Morar-Cartwright',461.98,800000000,'Morar-Cartwright','Lake Sanfordmouth','93080-1107','7443870988897530','2022-06-10 19:27:53.000000'),
('0000000272698228','01',0001,'POS TERM','Purchase at Schultz-Morissette',457.54,800000000,'Schultz-Morissette','East Jakaylashire','84498-8609','3260763612337560','2022-06-10 19:27:53.000000'),
('0000000273137276','01',0001,'POS TERM','Purchase at Lowe-Blick',764.21,800000000,'Lowe-Blick','Boyerchester','15468-8924','6503535181795992','2022-06-10 19:27:53.000000'),
('0000000274427056','03',0001,'OPERATOR','Return item at Gibson-Maggio',-763.09,800000000,'Gibson-Maggio','Port Genevieveberg','92794-6457','0923877193247330','2022-06-10 19:27:53.000000'),
('0000000274596018','01',0001,'POS TERM','Purchase at Renner LLC',40.09,800000000,'Renner LLC','Sengerport','73531','5407099850479866','2022-06-10 19:27:53.000000'),
('0000000277916619','01',0001,'POS TERM','Purchase at Champlin and Sons',996.87,800000000,'Champlin and Sons','North Dale','85808-4638','7094142751055551','2022-06-10 19:27:53.000000'),
('0000000283702177','01',0001,'POS TERM','Purchase at Bradtke-Considine',89.98,800000000,'Bradtke-Considine','Geovannyville','39499-2169','5975117516616077','2022-06-10 19:27:53.000000'),
('0000000292939458','01',0001,'POS TERM','Purchase at OHara, Ledner and Runte',49.54,800000000,'OHara, Ledner and Runte','Port Fleta','42362-4038','8262593602473076','2022-06-10 19:27:53.000000'),
('0000000298764221','01',0001,'POS TERM','Purchase at Zboncak, Kohler and Ziemann',706.1,800000000,'Zboncak, Kohler and Ziemann','Gilesmouth','93998-8946','7443870988897530','2022-06-10 19:27:53.000000'),
('0000000298806396','01',0001,'POS TERM','Purchase at Powlowski-Greenholt',936.21,800000000,'Powlowski-Greenholt','Naderfort','19262-4706','7058267261837752','2022-06-10 19:27:53.000000'),
('0000000307523903','03',0001,'OPERATOR','Return item at Hamill, Sawayn and OConner',-585.43,800000000,'Hamill, Sawayn and OConner','Vonview','83262','5787351228879339','2022-06-10 19:27:53.000000'),
('0000000312054308','01',0001,'POS TERM','Purchase at Bogan LLC',717.09,800000000,'Bogan LLC','Josiahhaven','59167','7379335634661142','2022-06-10 19:27:53.000000'),
('0000000312439873','01',0001,'POS TERM','Purchase at Rowe and Daughters',745.32,800000000,'Rowe and Daughters','New Adriannamouth','89172-7486','7443870988897530','2022-06-10 19:27:53.000000'),
('0000000312675172','01',0001,'POS TERM','Purchase at Hermiston Inc',728.76,800000000,'Hermiston Inc','Port Bennyburgh','34656','8931369351894783','2022-06-10 19:27:53.000000'),
('0000000313527007','01',0001,'POS TERM','Purchase at Ebert-Grimes',948.21,800000000,'Ebert-Grimes','New Kelleyton','51492-3272','8112545834239735','2022-06-10 19:27:53.000000'),
('0000000325686503','01',0001,'POS TERM','Purchase at Cruickshank-Marvin',569.98,800000000,'Cruickshank-Marvin','Russelshire','66858','0923877193247330','2022-06-10 19:27:53.000000'),
('0000000328781772','01',0001,'POS TERM','Purchase at Hayes and Daughters',859.43,800000000,'Hayes and Daughters','Beahanville','08781','9056297931664011','2022-06-10 19:27:53.000000'),
('0000000329446511','01',0001,'POS TERM','Purchase at Ernser, Ward and Lehner',667.54,800000000,'Ernser, Ward and Lehner','Lake Rita','78140-9470','8040580410348680','2022-06-10 19:27:53.000000'),
('0000000329724245','01',0001,'POS TERM','Purchase at Reichel Group',14.09,800000000,'Reichel Group','Port Romanfort','95843','0500024453765740','2022-06-10 19:27:53.000000'),
('0000000338128146','03',0001,'OPERATOR','Return item at Terry-Mertz',-742.98,800000000,'Terry-Mertz','Enidview','31259','7094142751055551','2022-06-10 19:27:53.000000'),
('0000000341155503','01',0001,'POS TERM','Purchase at Parker-Erdman',990.87,800000000,'Parker-Erdman','New Khalid','72240','8517866958206008','2022-06-10 19:27:53.000000'),
('0000000341634875','01',0001,'POS TERM','Purchase at Medhurst, Bogisich and Schmeler',997.87,800000000,'Medhurst, Bogisich and Schmeler','Dickensport','29931-9313','2760836797107565','2022-06-10 19:27:53.000000'),
('0000000357518499','03',0001,'OPERATOR','Return item at Willms-Beier',-852.32,800000000,'Willms-Beier','Nathanfurt','70715-7333','7251508149188883','2022-06-10 19:27:53.000000'),
('0000000358543876','01',0001,'POS TERM','Purchase at Zulauf Group',552.76,800000000,'Zulauf Group','Schowalterland','26981','5975117516616077','2022-06-10 19:27:53.000000'),
('0000000361866674','01',0001,'POS TERM','Purchase at Mayer and Daughters',446.09,800000000,'Mayer and Daughters','North Keeley','40519','7427684863423209','2022-06-10 19:27:53.000000'),
('0000000366513257','01',0001,'POS TERM','Purchase at Klein, Buckridge and Johnson',965.54,800000000,'Klein, Buckridge and Johnson','Shieldsbury','79412-9462','0927987108636232','2022-06-10 19:27:53.000000'),
('0000000373973344','01',0001,'POS TERM','Purchase at Wehner LLC',958.32,800000000,'Wehner LLC','South Harmonmouth','92575','5671184478505844','2022-06-10 19:27:53.000000'),
('0000000375247552','01',0001,'POS TERM','Purchase at Guann Group',115.1,800000000,'Guann Group','Port Grant','76360-6457','3999169246375885','2022-06-10 19:27:53.000000'),
('0000000378710702','03',0001,'OPERATOR','Return item at Wilderman, Koepp and Ledner',-344.76,800000000,'Wilderman, Koepp and Ledner','Wuckerthaven','29965','7379335634661142','2022-06-10 19:27:53.000000'),
('0000000379084859','03',0001,'OPERATOR','Return item at Lebsack-Treutel',-75.21,800000000,'Lebsack-Treutel','Kennedyside','66077-1463','6723000463207764','2022-06-10 19:27:53.000000'),
('0000000380632461','01',0001,'POS TERM','Purchase at Beahan, Little and Sanford',428.32,800000000,'Beahan, Little and Sanford','East Ebonyville','17826-0999','4859452612877065','2022-06-10 19:27:53.000000'),
('0000000382018782','01',0001,'POS TERM','Purchase at Hackett-Kautzer',884.98,800000000,'Hackett-Kautzer','East Cristopherfurt','10894-9358','5656830544981216','2022-06-10 19:27:53.000000'),
('0000000382291356','01',0001,'POS TERM','Purchase at Jacobi and Daughters',860.76,800000000,'Jacobi and Daughters','Carterland','70592-5640','5671184478505844','2022-06-10 19:27:53.000000'),
('0000000392772234','01',0001,'POS TERM','Purchase at Williamson LLC',351.65,800000000,'Williamson LLC','Runteville','18400-6845','4385271476627819','2022-06-10 19:27:53.000000'),
('0000000397282953','03',0001,'OPERATOR','Return item at Ankunding Group',-396.21,800000000,'Ankunding Group','Adrainton','59712-6451','2871968252812490','2022-06-10 19:27:53.000000'),
('0000000399296572','01',0001,'POS TERM','Purchase at McGlynn Inc',254.76,800000000,'McGlynn Inc','New Berenice','76608','6009619150674526','2022-06-10 19:27:53.000000'),
('0000000400022505','01',0001,'POS TERM','Purchase at Klocko LLC',385.43,800000000,'Klocko LLC','Taniatown','25662','1014086565224350','2022-06-10 19:27:53.000000'),
('0000000400762013','01',0001,'POS TERM','Purchase at Will-Murazik',617.09,800000000,'Will-Murazik','New Estefania','36903-3350','2760836797107565','2022-06-10 19:27:53.000000'),
('0000000402032668','03',0001,'OPERATOR','Return item at Torphy, Collins and Witting',-756.65,800000000,'Torphy, Collins and Witting','Lake Augusttown','06644','3766281984155154','2022-06-10 19:27:53.000000'),
('0000000407178785','01',0001,'POS TERM','Purchase at Cole-Wyman',949.76,800000000,'Cole-Wyman','Olenmouth','47296','3940246016141489','2022-06-10 19:27:53.000000'),
('0000000407637739','03',0001,'OPERATOR','Return item at Price LLC',-501.43,800000000,'Price LLC','New Annabell','91216','5975117516616077','2022-06-10 19:27:53.000000'),
('0000000412515011','01',0001,'POS TERM','Purchase at Wehner-Ebert',214.76,800000000,'Wehner-Ebert','Ednaville','70885','5975117516616077','2022-06-10 19:27:53.000000'),
('0000000415671623','01',0001,'POS TERM','Purchase at Kshlerin, Schulist and Oberbrunner',0.98,800000000,'Kshlerin, Schulist and Oberbrunner','Dallinmouth','19897-9097','1561409106491600','2022-06-10 19:27:53.000000'),
('0000000416848414','01',0001,'POS TERM','Purchase at Medhurst-Feeney',995.21,800000000,'Medhurst-Feeney','New Terrance','87377','6832676047698087','2022-06-10 19:27:53.000000'),
('0000000420768809','01',0001,'POS TERM','Purchase at Bartell-Rempel',674.98,800000000,'Bartell-Rempel','Alexanderport','08405','7058267261837752','2022-06-10 19:27:53.000000'),
('0000000424689871','01',0001,'POS TERM','Purchase at Rempel and Daughters',648.1,800000000,'Rempel and Daughters','Aliyachester','08642','5787351228879339','2022-06-10 19:27:53.000000'),
('0000000429557611','01',0001,'POS TERM','Purchase at Pagac, Funk and Kiehn',545.65,800000000,'Pagac, Funk and Kiehn','Krajcikshire','32088-0940','0982496213629795','2022-06-10 19:27:53.000000'),
('0000000432231260','03',0001,'OPERATOR','Return item at Schuster-Bashirian',-962.76,800000000,'Schuster-Bashirian','New Gageton','47405-2362','8262593602473076','2022-06-10 19:27:53.000000'),
('0000000433607101','01',0001,'POS TERM','Purchase at VonRueden Inc',851.21,800000000,'VonRueden Inc','Lake Gailland','82720-3055','9501733721429893','2022-06-10 19:27:53.000000'),
('0000000434343718','01',0001,'POS TERM','Purchase at Vandervort-McClure',793.21,800000000,'Vandervort-McClure','Kaydenborough','73288-4151','6832676047698087','2022-06-10 19:27:53.000000'),
('0000000435144487','01',0001,'POS TERM','Purchase at Pacocha, Goyette and Leuschke',408.87,800000000,'Pacocha, Goyette and Leuschke','Gutkowskiport','64919-4953','8112545834239735','2022-06-10 19:27:53.000000'),
('0000000445507761','01',0001,'POS TERM','Purchase at Rice, Luettgen and Aufderhar',129.32,800000000,'Rice, Luettgen and Aufderhar','OReillychester','75844','3940246016141489','2022-06-10 19:27:53.000000'),
('0000000446945803','01',0001,'POS TERM','Purchase at Yost and Daughters',241.21,800000000,'Yost and Daughters','Lake Manley','52896-0448','3940246016141489','2022-06-10 19:27:53.000000'),
('0000000450622695','01',0001,'POS TERM','Purchase at Schmitt, Kohler and Skiles',28.32,800000000,'Schmitt, Kohler and Skiles','Farrellhaven','00796','2988091353094312','2022-06-10 19:27:53.000000'),
('0000000458331136','01',0001,'POS TERM','Purchase at Howe, Rippin and Watsica',437.1,800000000,'Howe, Rippin and Watsica','West Kianachester','75201','2988091353094312','2022-06-10 19:27:53.000000'),
('0000000462765346','01',0001,'POS TERM','Purchase at Marquardt, Ward and Brekke',587.1,800000000,'Marquardt, Ward and Brekke','Lake Nataliastad','61706-7915','0982496213629795','2022-06-10 19:27:53.000000'),
('0000000474475283','01',0001,'POS TERM','Purchase at Pouros Inc',174.65,800000000,'Pouros Inc','East Jerald','35802','5407099850479866','2022-06-10 19:27:53.000000'),
('0000000475609951','01',0001,'POS TERM','Purchase at Predovic-Deckow',913.87,800000000,'Predovic-Deckow','West Gunnar','46493-9443','5656830544981216','2022-06-10 19:27:53.000000'),
('0000000475746885','01',0001,'POS TERM','Purchase at Adams-Watsica',967.43,800000000,'Adams-Watsica','Ratkemouth','55474-0373','0500024453765740','2022-06-10 19:27:53.000000'),
('0000000482016448','01',0001,'POS TERM','Purchase at Becker Group',310.09,800000000,'Becker Group','Sanfordhaven','50166','2760836797107565','2022-06-10 19:27:53.000000'),
('0000000482116790','01',0001,'POS TERM','Purchase at Erdman-Cartwright',820.1,800000000,'Erdman-Cartwright','Lake Lavonne','06930','4385271476627819','2022-06-10 19:27:53.000000'),
('0000000486159054','01',0001,'POS TERM','Purchase at Christiansen-Jacobi',319.87,800000000,'Christiansen-Jacobi','West Conor','53124','0683586198171516','2022-06-10 19:27:53.000000'),
('0000000490043047','01',0001,'POS TERM','Purchase at Yost-Kertzmann',584.87,800000000,'Yost-Kertzmann','Lake Josh','59545','5407099850479866','2022-06-10 19:27:53.000000'),
('0000000496711357','01',0001,'POS TERM','Purchase at Koepp-Wiegand',161.98,800000000,'Koepp-Wiegand','Cristianstad','23187-0329','2760836797107565','2022-06-10 19:27:53.000000'),
('0000000497995808','01',0001,'POS TERM','Purchase at Beier and Daughters',649.09,800000000,'Beier and Daughters','Norbertstad','48162-5331','9501733721429893','2022-06-10 19:27:53.000000'),
('0000000498548061','01',0001,'POS TERM','Purchase at Bernier and Daughters',209.09,800000000,'Bernier and Daughters','Lake Rosefurt','83724-5529','6727055190616014','2022-06-10 19:27:53.000000'),
('0000000498615524','03',0001,'OPERATOR','Return item at Powlowski LLC',-907.09,800000000,'Powlowski LLC','New Aprilstad','57040-5493','9056297931664011','2022-06-10 19:27:53.000000'),
('0000000498857207','01',0001,'POS TERM','Purchase at Friesen, Murphy and Beier',293.43,800000000,'Friesen, Murphy and Beier','Dallasberg','02275','3260763612337560','2022-06-10 19:27:53.000000'),
('0000000499424514','01',0001,'POS TERM','Purchase at Schumm-Stamm',952.54,800000000,'Schumm-Stamm','Imogeneburgh','12605','4534784102713951','2022-06-10 19:27:53.000000'),
('0000000500479019','01',0001,'POS TERM','Purchase at Hilpert, Purdy and Kilback',654.98,800000000,'Hilpert, Purdy and Kilback','Schummshire','49771-2616','1014086565224350','2022-06-10 19:27:53.000000'),
('0000000500885895','03',0001,'OPERATOR','Return item at Klein-Stark',-579.87,800000000,'Klein-Stark','West Arlo','35478','4859452612877065','2022-06-10 19:27:53.000000'),
('0000000502617711','01',0001,'POS TERM','Purchase at Klocko LLC',955.1,800000000,'Klocko LLC','Winonaland','07626','4859452612877065','2022-06-10 19:27:53.000000'),
('0000000503557384','01',0001,'POS TERM','Purchase at Casper Group',81.43,800000000,'Casper Group','Millsborough','57690','9680294154603697','2022-06-10 19:27:53.000000'),
('0000000504099546','01',0001,'POS TERM','Purchase at Jewess, Sauer and Runolfsson',655.1,800000000,'Jewess, Sauer and Runolfsson','Parkermouth','00391','0923877193247330','2022-06-10 19:27:53.000000'),
('0000000508429766','01',0001,'POS TERM','Purchase at Kassulke, Reynolds and Runolfsson',534.1,800000000,'Kassulke, Reynolds and Runolfsson','Seamuston','13633-3156','7094142751055551','2022-06-10 19:27:53.000000'),
('0000000519771423','01',0001,'POS TERM','Purchase at Herman, Swift and Nikolaus',670.09,800000000,'Herman, Swift and Nikolaus','Durganport','31302','6723000463207764','2022-06-10 19:27:53.000000'),
('0000000519935575','01',0001,'POS TERM','Purchase at Gaylord, Kuhlman and Reichert',164.98,800000000,'Gaylord, Kuhlman and Reichert','West Reillymouth','05765','0923877193247330','2022-06-10 19:27:53.000000'),
('0000000522130011','01',0001,'POS TERM','Purchase at DAmore, Conroy and Wilkinson',699.43,800000000,'DAmore, Conroy and Wilkinson','East Larissatown','12025-5362','7251508149188883','2022-06-10 19:27:53.000000'),
('0000000523110055','01',0001,'POS TERM','Purchase at Purdy-King',736.87,800000000,'Purdy-King','Port Maximusshire','95835','7379335634661142','2022-06-10 19:27:53.000000'),
('0000000528007115','03',0001,'OPERATOR','Return item at Trantow-Sipes',-113.1,800000000,'Trantow-Sipes','Reubentown','12694','5671184478505844','2022-06-10 19:27:53.000000'),
('0000000532120892','03',0001,'OPERATOR','Return item at Frami-Hyatt',-70.76,800000000,'Frami-Hyatt','Jamilside','14372-1790','9680294154603697','2022-06-10 19:27:53.000000'),
('0000000539225404','03',0001,'OPERATOR','Return item at Hamill, Blick and Kling',-372.09,800000000,'Hamill, Blick and Kling','Sporerview','52731','8040580410348680','2022-06-10 19:27:53.000000'),
('0000000540034453','01',0001,'POS TERM','Purchase at Baumbach-Mohr',202.43,800000000,'Baumbach-Mohr','Kovacekhaven','88690-1442','6832676047698087','2022-06-10 19:27:53.000000'),
('0000000540260014','03',0001,'OPERATOR','Return item at McCullough-Gottlieb',-880.21,800000000,'McCullough-Gottlieb','Clarissaside','80982-4072','3999169246375885','2022-06-10 19:27:53.000000'),
('0000000544248006','01',0001,'POS TERM','Purchase at Mann Inc',659.43,800000000,'Mann Inc','Koeppton','40246-5957','1561409106491600','2022-06-10 19:27:53.000000'),
('0000000547488622','01',0001,'POS TERM','Purchase at Reichert, Kemmer and Funk',403.65,800000000,'Reichert, Kemmer and Funk','North Destinibury','84879','4011500891777367','2022-06-10 19:27:53.000000'),
('0000000549364593','01',0001,'POS TERM','Purchase at Waters, Considine and Borer',195.43,800000000,'Waters, Considine and Borer','Lake Lillianaville','60590-4967','8517866958206008','2022-06-10 19:27:53.000000'),
('0000000550089732','03',0001,'OPERATOR','Return item at Sanford-Gleichner',-537.43,800000000,'Sanford-Gleichner','Dorisberg','29319','3260763612337560','2022-06-10 19:27:53.000000'),
('0000000550860982','01',0001,'POS TERM','Purchase at Bogan LLC',850.21,800000000,'Bogan LLC','Lilyberg','56494','6349250331648509','2022-06-10 19:27:53.000000'),
('0000000554096178','01',0001,'POS TERM','Purchase at Turner, Dickinson and Grant',722.32,800000000,'Turner, Dickinson and Grant','Lucianofort','91006-9381','6503535181795992','2022-06-10 19:27:53.000000'),
('0000000555363230','01',0001,'POS TERM','Purchase at Metz, Blanda and Homenick',484.98,800000000,'Metz, Blanda and Homenick','North Linwood','41398','9680294154603697','2022-06-10 19:27:53.000000'),
('0000000561673599','01',0001,'POS TERM','Purchase at Bergnaum and Sons',430.54,800000000,'Bergnaum and Sons','Leuschkeberg','87213-5400','5656830544981216','2022-06-10 19:27:53.000000'),
('0000000564257675','01',0001,'POS TERM','Purchase at Jast LLC',623.1,800000000,'Jast LLC','Lednermouth','82698','6503535181795992','2022-06-10 19:27:53.000000'),
('0000000569807281','03',0001,'OPERATOR','Return item at Kiehn, Russel and Schaefer',-998.32,800000000,'Kiehn, Russel and Schaefer','New Loren','41813','9349107475869214','2022-06-10 19:27:53.000000'),
('0000000570013846','01',0001,'POS TERM','Purchase at Parker, Pfannerstill and Donnelly',352.32,800000000,'Parker, Pfannerstill and Donnelly','Mohrport','18642-6726','9349107475869214','2022-06-10 19:27:53.000000'),
('0000000570880433','01',0001,'POS TERM','Purchase at Kuvalis-Leffler',161.76,800000000,'Kuvalis-Leffler','East Tiffany','09856-1749','6009619150674526','2022-06-10 19:27:53.000000'),
('0000000573732499','01',0001,'POS TERM','Purchase at Ortiz, Langworth and Feeney',237.43,800000000,'Ortiz, Langworth and Feeney','New Deonte','32314','9805583408996588','2022-06-10 19:27:53.000000'),
('0000000575834812','01',0001,'POS TERM','Purchase at Ritchie and Sons',689.87,800000000,'Ritchie and Sons','OHaraberg','45500-2911','7379335634661142','2022-06-10 19:27:53.000000'),
('0000000576344938','01',0001,'POS TERM','Purchase at Smith and Sons',425.1,800000000,'Smith and Sons','Lake Dallinfurt','26352-2649','2745303720002090','2022-06-10 19:27:53.000000'),
('0000000577165878','01',0001,'POS TERM','Purchase at Macejkovic-Mohr',621.21,800000000,'Macejkovic-Mohr','Trantowberg','59291','7427684863423209','2022-06-10 19:27:53.000000'),
('0000000577826814','03',0001,'OPERATOR','Return item at DuBuque, Wuckert and Mraz',-47.87,800000000,'DuBuque, Wuckert and Mraz','South Lurline','37081','0500024453765740','2022-06-10 19:27:53.000000'),
('0000000585883106','01',0001,'POS TERM','Purchase at Heathcote Inc',435.43,800000000,'Heathcote Inc','Marlenemouth','72239-5071','6009619150674526','2022-06-10 19:27:53.000000'),
('0000000588642606','01',0001,'POS TERM','Purchase at Marks and Daughters',568.87,800000000,'Marks and Daughters','New Berryton','84059-0476','7058267261837752','2022-06-10 19:27:53.000000'),
('0000000598262041','01',0001,'POS TERM','Purchase at Terry-Rohan',39.54,800000000,'Terry-Rohan','Rempelview','34789-4591','1561409106491600','2022-06-10 19:27:53.000000'),
('0000000600564499','01',0001,'POS TERM','Purchase at Schmeler, Crooks and Barton',736.32,800000000,'Schmeler, Crooks and Barton','Hodkiewiczville','09147-9690','2988091353094312','2022-06-10 19:27:53.000000'),
('0000000601274842','01',0001,'POS TERM','Purchase at Yost, Hoppe and Heathcote',744.1,800000000,'Yost, Hoppe and Heathcote','Heathermouth','15216-7718','7251508149188883','2022-06-10 19:27:53.000000'),
('0000000601496057','01',0001,'POS TERM','Purchase at Ortiz-Douglas',900.21,800000000,'Ortiz-Douglas','Rosaleemouth','64903','6509230362553816','2022-06-10 19:27:53.000000'),
('0000000603071214','01',0001,'POS TERM','Purchase at Schinner-Feeney',166.98,800000000,'Schinner-Feeney','North Wilfred','36776-9392','7251508149188883','2022-06-10 19:27:53.000000'),
('0000000605048564','01',0001,'POS TERM','Purchase at Schamberger, OReilly and Wintheiser',95.98,800000000,'Schamberger, OReilly and Wintheiser','West Bernadineland','74526','8931369351894783','2022-06-10 19:27:53.000000'),
('0000000606140907','01',0001,'POS TERM','Purchase at Yost-Schaefer',598.32,800000000,'Yost-Schaefer','Barrowsfurt','88050','2940139362300449','2022-06-10 19:27:53.000000'),
('0000000606716618','01',0001,'POS TERM','Purchase at Barton, Schmidt and Hodkiewicz',715.65,800000000,'Barton, Schmidt and Hodkiewicz','Sethtown','63152','0982496213629795','2022-06-10 19:27:53.000000'),
('0000000606830191','03',0001,'OPERATOR','Return item at Bogisich-OConnell',-71.65,800000000,'Bogisich-OConnell','New Bennie','00871','3940246016141489','2022-06-10 19:27:53.000000'),
('0000000614267358','03',0001,'OPERATOR','Return item at Gibson-Abbott',-132.87,800000000,'Gibson-Abbott','New Kodyton','82751','1142167692878931','2022-06-10 19:27:53.000000'),
('0000000618712102','01',0001,'POS TERM','Purchase at Hahn-Lueilwitz',21.1,800000000,'Hahn-Lueilwitz','Deondreville','55366-2298','8112545834239735','2022-06-10 19:27:53.000000'),
('0000000621178666','01',0001,'POS TERM','Purchase at Orn-Dach',639.21,800000000,'Orn-Dach','Maxineville','39263-8392','1561409106491600','2022-06-10 19:27:53.000000'),
('0000000624335286','01',0001,'POS TERM','Purchase at Crona, Turner and Hane',598.43,800000000,'Crona, Turner and Hane','Glenton','32966-6359','9680294154603697','2022-06-10 19:27:53.000000'),
('0000000627601011','03',0001,'OPERATOR','Return item at Stokes Inc',-538.21,800000000,'Stokes Inc','Koeppfurt','91991','7443870988897530','2022-06-10 19:27:53.000000'),
('0000000628524597','01',0001,'POS TERM','Purchase at Wiegand-Weimann',269.21,800000000,'Wiegand-Weimann','East Arnomouth','21317','1014086565224350','2022-06-10 19:27:53.000000'),
('0000000634329004','01',0001,'POS TERM','Purchase at Durgan-Nader',89.1,800000000,'Durgan-Nader','Robynmouth','39869','5407099850479866','2022-06-10 19:27:53.000000'),
('0000000635121182','01',0001,'POS TERM','Purchase at Douglas and Daughters',629.54,800000000,'Douglas and Daughters','Yvettetown','03935','6832676047698087','2022-06-10 19:27:53.000000'),
('0000000641694180','01',0001,'POS TERM','Purchase at Schumm-Reinger',554.21,800000000,'Schumm-Reinger','Antoniatown','52581','3999169246375885','2022-06-10 19:27:53.000000'),
('0000000643758597','01',0001,'POS TERM','Purchase at Bins Inc',744.21,800000000,'Bins Inc','Port Georgianaside','24098-5082','7058267261837752','2022-06-10 19:27:53.000000'),
('0000000647754915','01',0001,'POS TERM','Purchase at Gerlach-Jaskolski',718.54,800000000,'Gerlach-Jaskolski','New Kalistad','51103-7932','2871968252812490','2022-06-10 19:27:53.000000'),
('0000000652713581','01',0001,'POS TERM','Purchase at Pagac-Hackett',633.54,800000000,'Pagac-Hackett','New Hans','35901','6727055190616014','2022-06-10 19:27:53.000000'),
('0000000667157384','01',0001,'POS TERM','Purchase at Stamm and Sons',952.76,800000000,'Stamm and Sons','Hayleybury','33611','5671184478505844','2022-06-10 19:27:53.000000'),
('0000000669905307','01',0001,'POS TERM','Purchase at Schneider and Daughters',425.09,800000000,'Schneider and Daughters','Blandafurt','74767-7107','6727055190616014','2022-06-10 19:27:53.000000'),
('0000000672061881','03',0001,'OPERATOR','Return item at Rippin-Gibson',-435.09,800000000,'Rippin-Gibson','Hansenstad','16980-8789','5656830544981216','2022-06-10 19:27:53.000000'),
('0000000672573296','03',0001,'OPERATOR','Return item at Veum-Treutel',-710.65,800000000,'Veum-Treutel','Amelybury','60686','8517866958206008','2022-06-10 19:27:53.000000'),
('0000000673250360','01',0001,'POS TERM','Purchase at Ebert-Gleason',191.09,800000000,'Ebert-Gleason','Altenwerthbury','89085','7427684863423209','2022-06-10 19:27:53.000000'),
('0000000676149118','01',0001,'POS TERM','Purchase at Sauer-Ruecker',697.43,800000000,'Sauer-Ruecker','Port Nestor','24148-9894','4385271476627819','2022-06-10 19:27:53.000000'),
('0000000685488982','01',0001,'POS TERM','Purchase at Williamson Group',94.76,800000000,'Williamson Group','Lake Bradyport','32996','0500024453765740','2022-06-10 19:27:53.000000'),
('0000000686167627','01',0001,'POS TERM','Purchase at Gibson, Beahan and Reichert',81.43,800000000,'Gibson, Beahan and Reichert','Maeveland','51385-6031','9805583408996588','2022-06-10 19:27:53.000000'),
('0000000689276136','01',0001,'POS TERM','Purchase at Bins Group',192.09,800000000,'Bins Group','North Anabellehaven','61914-3232','9056297931664011','2022-06-10 19:27:53.000000'),
('0000000700096853','01',0001,'POS TERM','Purchase at Pollich Group',329.98,800000000,'Pollich Group','Nikolausburgh','88031','3940246016141489','2022-06-10 19:27:53.000000'),
('0000000703553020','01',0001,'POS TERM','Purchase at Gleason-Streich',77.09,800000000,'Gleason-Streich','New Huntermouth','60103-7370','2760836797107565','2022-06-10 19:27:53.000000'),
('0000000717135758','03',0001,'OPERATOR','Return item at Crona, Veum and DAmore',-762.43,800000000,'Crona, Veum and DAmore','South Nashland','13804-5608','0982496213629795','2022-06-10 19:27:53.000000'),
('0000000727152111','01',0001,'POS TERM','Purchase at Von, Klein and Cremin',983.54,800000000,'Von, Klein and Cremin','Evansfurt','36814-9049','6349250331648509','2022-06-10 19:27:53.000000'),
('0000000731515153','03',0001,'OPERATOR','Return item at Gleichner, Mitchell and Schmidt',-25.98,800000000,'Gleichner, Mitchell and Schmidt','North Vincent','89467-9263','9805583408996588','2022-06-10 19:27:53.000000'),
('0000000734452614','01',0001,'POS TERM','Purchase at Stokes-Mueller',358.21,800000000,'Stokes-Mueller','Ambroseland','19819-9298','4534784102713951','2022-06-10 19:27:53.000000'),
('0000000735823935','01',0001,'POS TERM','Purchase at Johnston and Daughters',910.1,800000000,'Johnston and Daughters','Delaneymouth','49269-2667','5407099850479866','2022-06-10 19:27:53.000000'),
('0000000741999667','01',0001,'POS TERM','Purchase at Corkery, Boehm and Hudson',643.43,800000000,'Corkery, Boehm and Hudson','Walkermouth','83831','9349107475869214','2022-06-10 19:27:53.000000'),
('0000000742447110','01',0001,'POS TERM','Purchase at Hauck Inc',746.76,800000000,'Hauck Inc','Estellville','11000','8517866958206008','2022-06-10 19:27:53.000000'),
('0000000747646163','03',0001,'OPERATOR','Return item at Watsica LLC',-499.98,800000000,'Watsica LLC','Durgantown','74690-6183','1561409106491600','2022-06-10 19:27:53.000000'),
('0000000749066680','01',0001,'POS TERM','Purchase at OReilly LLC',805.76,800000000,'OReilly LLC','Jerelport','39298-3605','6509230362553816','2022-06-10 19:27:53.000000'),
('0000000749493129','01',0001,'POS TERM','Purchase at Pollich-Kuhn',13.87,800000000,'Pollich-Kuhn','Kelliview','98624-6791','7058267261837752','2022-06-10 19:27:53.000000'),
('0000000751145919','01',0001,'POS TERM','Purchase at Rohan-Jacobson',140.09,800000000,'Rohan-Jacobson','East Delmer','37476','9501733721429893','2022-06-10 19:27:53.000000'),
('0000000751696292','01',0001,'POS TERM','Purchase at Smith, Hansen and Waelchi',653.54,800000000,'Smith, Hansen and Waelchi','Jerrodport','37182-0090','7427684863423209','2022-06-10 19:27:53.000000'),
('0000000755736377','01',0001,'POS TERM','Purchase at Torp-Stark',906.43,800000000,'Torp-Stark','North Edison','41040-7099','9680294154603697','2022-06-10 19:27:53.000000'),
('0000000760577632','01',0001,'POS TERM','Purchase at Kulas-Hayes',735.98,800000000,'Kulas-Hayes','Prohaskaview','38756','8931369351894783','2022-06-10 19:27:53.000000'),
('0000000762269241','01',0001,'POS TERM','Purchase at Kuvalis Group',988.87,800000000,'Kuvalis Group','Lake Cierrashire','92525','3940246016141489','2022-06-10 19:27:53.000000'),
('0000000767081090','01',0001,'POS TERM','Purchase at Bergnaum, Effertz and Wilkinson',671.1,800000000,'Bergnaum, Effertz and Wilkinson','Lake Twila','39210-3581','1142167692878931','2022-06-10 19:27:53.000000'),
('0000000767308626','01',0001,'POS TERM','Purchase at Shields, DuBuque and Wyman',856.43,800000000,'Shields, DuBuque and Wyman','South Christelle','94060-3050','1142167692878931','2022-06-10 19:27:53.000000'),
('0000000767314476','01',0001,'POS TERM','Purchase at Renner Inc',273.1,800000000,'Renner Inc','Lednerberg','11838','0927987108636232','2022-06-10 19:27:53.000000'),
('0000000768119840','01',0001,'POS TERM','Purchase at Towne, Hickle and Orn',65.43,800000000,'Towne, Hickle and Orn','Toybury','15228','8112545834239735','2022-06-10 19:27:53.000000'),
('0000000770707563','01',0001,'POS TERM','Purchase at Leffler-Hilll',309.43,800000000,'Leffler-Hilll','Lake Samantha','94910','9056297931664011','2022-06-10 19:27:53.000000'),
('0000000772421231','01',0001,'POS TERM','Purchase at Pfeffer, Rogahn and Hessel',405.32,800000000,'Pfeffer, Rogahn and Hessel','Christborough','21176-4420','4385271476627819','2022-06-10 19:27:53.000000'),
('0000000776200014','01',0001,'POS TERM','Purchase at Lebsack and Sons',985.21,800000000,'Lebsack and Sons','Otisbury','32545','9680294154603697','2022-06-10 19:27:53.000000'),
('0000000778829157','01',0001,'POS TERM','Purchase at Renner, Mertz and Ondricka',270.54,800000000,'Renner, Mertz and Ondricka','South Emeliatown','37065-2088','8262593602473076','2022-06-10 19:27:53.000000'),
('0000000781205695','01',0001,'POS TERM','Purchase at Beer, Goldner and Armstrong',489.65,800000000,'Beer, Goldner and Armstrong','South Madelynnland','21570','5787351228879339','2022-06-10 19:27:53.000000'),
('0000000781512834','01',0001,'POS TERM','Purchase at Koch-Pouros',319.09,800000000,'Koch-Pouros','Daytonstad','13199-2463','4859452612877065','2022-06-10 19:27:53.000000'),
('0000000784621975','01',0001,'POS TERM','Purchase at Kunde-Howe',227.21,800000000,'Kunde-Howe','New Darylberg','34409','3999169246375885','2022-06-10 19:27:53.000000'),
('0000000793409700','01',0001,'POS TERM','Purchase at Douglas Inc',168.65,800000000,'Douglas Inc','South Keyshawnton','15099','7026637615032277','2022-06-10 19:27:53.000000'),
('0000000796832699','01',0001,'POS TERM','Purchase at Schroeder, Bergnaum and Waters',803.98,800000000,'Schroeder, Bergnaum and Waters','Jaskolskimouth','83332-8357','6349250331648509','2022-06-10 19:27:53.000000'),
('0000000802663079','01',0001,'POS TERM','Purchase at Zulauf-OKeefe',975.1,800000000,'Zulauf-OKeefe','Rauview','52467-2350','0683586198171516','2022-06-10 19:27:53.000000'),
('0000000803014982','01',0001,'POS TERM','Purchase at Effertz-Abbott',53.54,800000000,'Effertz-Abbott','Claudiechester','95970-2683','2871968252812490','2022-06-10 19:27:53.000000'),
('0000000806255008','03',0001,'OPERATOR','Return item at Wisoky, Jacobs and Sanford',-439.32,800000000,'Wisoky, Jacobs and Sanford','New Alanaview','05488-3195','4534784102713951','2022-06-10 19:27:53.000000'),
('0000000812607213','03',0001,'OPERATOR','Return item at Volkman-Goodwin',-641.76,800000000,'Volkman-Goodwin','Gulgowskifort','59834-6801','2760836797107565','2022-06-10 19:27:53.000000'),
('0000000821287727','01',0001,'POS TERM','Purchase at Russel LLC',34.98,800000000,'Russel LLC','New Sarah','49041','4859452612877065','2022-06-10 19:27:53.000000'),
('0000000822135100','01',0001,'POS TERM','Purchase at Larkin, Hills and Becker',796.09,800000000,'Larkin, Hills and Becker','Coleton','54392-1073','5671184478505844','2022-06-10 19:27:53.000000'),
('0000000823157599','01',0001,'POS TERM','Purchase at Miller, Hudson and Ziemann',111.1,800000000,'Miller, Hudson and Ziemann','West Jasmin','72736','9349107475869214','2022-06-10 19:27:53.000000'),
('0000000824152956','01',0001,'POS TERM','Purchase at Weissnat-Sanford',594.76,800000000,'Weissnat-Sanford','Schuppeton','25158-3242','0923877193247330','2022-06-10 19:27:53.000000'),
('0000000828072981','03',0001,'OPERATOR','Return item at Hayes Inc',-362.21,800000000,'Hayes Inc','Dinoville','72795-6502','7026637615032277','2022-06-10 19:27:53.000000'),
('0000000835855923','03',0001,'OPERATOR','Return item at Pouros and Sons',-41.76,800000000,'Pouros and Sons','Kerlukechester','32347','5407099850479866','2022-06-10 19:27:53.000000'),
('0000000838587312','01',0001,'POS TERM','Purchase at Abbott-Gerlach',241.65,800000000,'Abbott-Gerlach','McClureburgh','95049','0500024453765740','2022-06-10 19:27:53.000000'),
('0000000838796166','03',0001,'OPERATOR','Return item at Bauch-Crooks',-457.54,800000000,'Bauch-Crooks','Stokesberg','30306','4385271476627819','2022-06-10 19:27:53.000000'),
('0000000840146978','01',0001,'POS TERM','Purchase at Gutkowski-Bayer',702.21,800000000,'Gutkowski-Bayer','Baileyville','48332-1913','4011500891777367','2022-06-10 19:27:53.000000'),
('0000000841555701','01',0001,'POS TERM','Purchase at Kub, Gislason and Haraann',281.54,800000000,'Kub, Gislason and Haraann','Port Bryonfurt','16314-3731','2988091353094312','2022-06-10 19:27:53.000000'),
('0000000845039454','01',0001,'POS TERM','Purchase at Borer, Farrell and Doyle',45.65,800000000,'Borer, Farrell and Doyle','Evelineborough','36781','9056297931664011','2022-06-10 19:27:53.000000'),
('0000000855260493','03',0001,'OPERATOR','Return item at Cassin, Huel and Conroy',-270.98,800000000,'Cassin, Huel and Conroy','East Kurtborough','83037','6727055190616014','2022-06-10 19:27:53.000000'),
('0000000858238426','01',0001,'POS TERM','Purchase at Thiel Group',80.65,800000000,'Thiel Group','New Martineberg','27981','3260763612337560','2022-06-10 19:27:53.000000'),
('0000000858501945','01',0001,'POS TERM','Purchase at Braun, Schulist and Kreiger',198.65,800000000,'Braun, Schulist and Kreiger','Port Tamiamouth','52536','8262593602473076','2022-06-10 19:27:53.000000'),
('0000000865987685','03',0001,'OPERATOR','Return item at Kovacek-Beatty',-322.98,800000000,'Kovacek-Beatty','Cecilemouth','18917','2988091353094312','2022-06-10 19:27:53.000000'),
('0000000869383367','01',0001,'POS TERM','Purchase at Thompson-Streich',768.87,800000000,'Thompson-Streich','Port Estrella','21832-3751','2940139362300449','2022-06-10 19:27:53.000000'),
('0000000873232405','01',0001,'POS TERM','Purchase at Bins, Boehm and Casper',720.98,800000000,'Bins, Boehm and Casper','South Lon','87054','4534784102713951','2022-06-10 19:27:53.000000'),
('0000000874953803','01',0001,'POS TERM','Purchase at McLaughlin-Blick',399.43,800000000,'McLaughlin-Blick','Wintheisermouth','03064','1014086565224350','2022-06-10 19:27:53.000000'),
('0000000882360848','01',0001,'POS TERM','Purchase at Tromp-Kuhlman',298.32,800000000,'Tromp-Kuhlman','Jerdeshire','78699','0982496213629795','2022-06-10 19:27:53.000000'),
('0000000884070277','01',0001,'POS TERM','Purchase at Bayer-OReilly',194.32,800000000,'Bayer-OReilly','Stammmouth','54961-5499','9805583408996588','2022-06-10 19:27:53.000000'),
('0000000885437581','01',0001,'POS TERM','Purchase at Marquardt-Deckow',818.09,800000000,'Marquardt-Deckow','Schmittport','16465','7026637615032277','2022-06-10 19:27:53.000000'),
('0000000887771179','01',0001,'POS TERM','Purchase at Jakubowski and Sons',242.21,800000000,'Jakubowski and Sons','Port Tyramouth','68202-7796','7026637615032277','2022-06-10 19:27:53.000000'),
('0000000889986293','01',0001,'POS TERM','Purchase at Littel-Jacobson',973.1,800000000,'Littel-Jacobson','Lestertown','36198','1561409106491600','2022-06-10 19:27:53.000000'),
('0000000898285002','01',0001,'POS TERM','Purchase at Gislason-Price',958.76,800000000,'Gislason-Price','North Maverickbury','09515-7261','2871968252812490','2022-06-10 19:27:53.000000'),
('0000000899241176','01',0001,'POS TERM','Purchase at Beier, Larson and Schultz',462.32,800000000,'Beier, Larson and Schultz','North Gudrunville','59436-8470','2988091353094312','2022-06-10 19:27:53.000000'),
('0000000900382063','01',0001,'POS TERM','Purchase at Bechtelar Group',86.09,800000000,'Bechtelar Group','Mandybury','49970-7370','0927987108636232','2022-06-10 19:27:53.000000'),
('0000000903281896','01',0001,'POS TERM','Purchase at Schmitt, Mills and Yundt',932.54,800000000,'Schmitt, Mills and Yundt','West Marlin','92662-1169','0683586198171516','2022-06-10 19:27:53.000000'),
('0000000909001545','01',0001,'POS TERM','Purchase at Crist Group',893.32,800000000,'Crist Group','South Creola','20922-4303','5656830544981216','2022-06-10 19:27:53.000000'),
('0000000909315074','01',0001,'POS TERM','Purchase at Abbott and Sons',759.21,800000000,'Abbott and Sons','East Cydney','03808-7468','4011500891777367','2022-06-10 19:27:53.000000'),
('0000000910081354','01',0001,'POS TERM','Purchase at Gerlach Group',130.1,800000000,'Gerlach Group','Tannerburgh','30389-8741','7026637615032277','2022-06-10 19:27:53.000000'),
('0000000925687557','03',0001,'OPERATOR','Return item at Zboncak-Franecki',-372.98,800000000,'Zboncak-Franecki','Aldenport','24426-3401','0683586198171516','2022-06-10 19:27:53.000000'),
('0000000926624843','01',0001,'POS TERM','Purchase at Schowalter, Pagac and Welch',684.32,800000000,'Schowalter, Pagac and Welch','West Isacton','46573-2355','4011500891777367','2022-06-10 19:27:53.000000'),
('0000000929059536','01',0001,'POS TERM','Purchase at Glover, Block and Huel',920.1,800000000,'Glover, Block and Huel','Lake Dasiabury','92661','8517866958206008','2022-06-10 19:27:53.000000'),
('0000000934798061','03',0001,'OPERATOR','Return item at Gottlieb, VonRueden and Raynor',-260.1,800000000,'Gottlieb, VonRueden and Raynor','East Darryl','94703','9501733721429893','2022-06-10 19:27:53.000000'),
('0000000934945079','01',0001,'POS TERM','Purchase at Boyle, OConner and Gorczany',222.43,800000000,'Boyle, OConner and Gorczany','South Kirstin','23487','6503535181795992','2022-06-10 19:27:53.000000'),
('0000000942960329','01',0001,'POS TERM','Purchase at Bartoletti, Lehner and Johnston',711.65,800000000,'Bartoletti, Lehner and Johnston','North Virginie','63690','2940139362300449','2022-06-10 19:27:53.000000'),
('0000000943918566','01',0001,'POS TERM','Purchase at Walker, Mohr and Wyman',437.76,800000000,'Walker, Mohr and Wyman','Kamronville','93454','8112545834239735','2022-06-10 19:27:53.000000'),
('0000000946277676','01',0001,'POS TERM','Purchase at Kemmer, Wyman and Ondricka',220.09,800000000,'Kemmer, Wyman and Ondricka','Marcellechester','28632','3766281984155154','2022-06-10 19:27:53.000000'),
('0000000956474921','01',0001,'POS TERM','Purchase at Gottlieb, Turner and Ruecker',223.32,800000000,'Gottlieb, Turner and Ruecker','Brettland','98831-6582','2745303720002090','2022-06-10 19:27:53.000000'),
('0000000957695517','01',0001,'POS TERM','Purchase at Schoen-Marvin',573.21,800000000,'Schoen-Marvin','West Anastacio','10111-5026','0927987108636232','2022-06-10 19:27:53.000000'),
('0000000957864065','01',0001,'POS TERM','Purchase at Prohaska-Douglas',314.65,800000000,'Prohaska-Douglas','North Leathahaven','92680-2418','3766281984155154','2022-06-10 19:27:53.000000'),
('0000000961186055','01',0001,'POS TERM','Purchase at Bartell-Fadel',548.32,800000000,'Bartell-Fadel','Lebsackchester','88382-6538','1142167692878931','2022-06-10 19:27:53.000000'),
('0000000961714986','01',0001,'POS TERM','Purchase at West and Sons',694.54,800000000,'West and Sons','Lawrencefort','06664-6090','3999169246375885','2022-06-10 19:27:53.000000'),
('0000000971342087','03',0001,'OPERATOR','Return item at Johnston Inc',-835.43,800000000,'Johnston Inc','Bergstromchester','69737','8112545834239735','2022-06-10 19:27:53.000000'),
('0000000973907278','01',0001,'POS TERM','Purchase at Klocko-Rice',784.1,800000000,'Klocko-Rice','Shayneville','50038-5154','6349250331648509','2022-06-10 19:27:53.000000'),
('0000000974167587','01',0001,'POS TERM','Purchase at Moore and Sons',402.21,800000000,'Moore and Sons','Parkerchester','69137','5975117516616077','2022-06-10 19:27:53.000000'),
('0000000976770816','01',0001,'POS TERM','Purchase at Corkery-Barton',917.43,800000000,'Corkery-Barton','North Walterchester','08815-3649','8262593602473076','2022-06-10 19:27:53.000000'),
('0000000982241353','01',0001,'POS TERM','Purchase at Bins, Gorczany and Denesik',765.65,800000000,'Bins, Gorczany and Denesik','Elveraville','52528','9805583408996588','2022-06-10 19:27:53.000000'),
('0000000992103545','01',0001,'POS TERM','Purchase at Dickens, Bartoletti and Ferry',635.98,800000000,'Dickens, Bartoletti and Ferry','Lesleyville','89308-8479','1142167692878931','2022-06-10 19:27:53.000000'),
('0000000996722787','01',0001,'POS TERM','Purchase at Kilback LLC',603.21,800000000,'Kilback LLC','Cummeratamouth','53200-7529','3260763612337560','2022-06-10 19:27:53.000000')
ON CONFLICT (transaction_id) DO NOTHING;

-- INSERT statements para la tabla public.disclosure_group

INSERT INTO public.disclosure_group (
  account_group_id,
  transaction_type_code,
  transaction_category_code,
  interest_rate
) VALUES
('A000000000', '01', 0001, 15.00),
('A000000000', '01', 0002, 25.00),
('A000000000', '01', 0003, 25.00),
('A000000000', '01', 0004, 25.00),
('A000000000', '02', 0001, 0.00),
('A000000000', '02', 0002, 0.00),
('A000000000', '02', 0003, 0.00),
('A000000000', '03', 0001, 0.00),
('A000000000', '03', 0002, 0.00),
('A000000000', '03', 0003, 0.00),
('A000000000', '04', 0001, 15.00),
('A000000000', '04', 0002, 15.00),
('A000000000', '04', 0003, 15.00),
('A000000000', '05', 0001, 15.00),
('A000000000', '06', 0001, 15.00),
('A000000000', '06', 0002, 15.00),
('A000000000', '07', 0001, 15.00)
ON CONFLICT (account_group_id, transaction_type_code, transaction_category_code) DO NOTHING;

-- INSERT statements para la tabla public.transaction_category

INSERT INTO public.transaction_category (
  tran_type_cd, 
  tran_cat_cd, 
  tran_cat_type_desc
) VALUES
('01', 0001, 'Regular Sales Draft'),
('01', 0002, 'Regular Cash Advance'),
('01', 0003, 'Convenience Check Debit'),
('01', 0004, 'ATM Cash Advance'),
('01', 0005, 'Interest Amount'),
('02', 0001, 'Cash payment'),
('02', 0002, 'Electronic payment'),
('02', 0003, 'Check payment'),
('03', 0001, 'Credit to Account'),
('03', 0002, 'Credit to Purchase balance'),
('03', 0003, 'Credit to Cash balance'),
('04', 0001, 'Zero dollar authorization'),
('04', 0002, 'Online purchase authorization'),
('04', 0003, 'Travel booking authorization'),
('05', 0001, 'Refund credit'),
('06', 0001, 'Fraud reversal'),
('06', 0002, 'Non-fraud reversal'),
('07', 0001, 'Sales draft credit adjustment')
ON CONFLICT (tran_type_cd, tran_cat_cd) DO NOTHING;


-- INSERT statements para la tabla public.transaction_category_balance

INSERT INTO public.transaction_category_balance (
	account_id,
	type_code,
	category_code,
	category_balance
) VALUES
(00000000001, '01', 0001, 0.00),
(00000000002, '01', 0001, 0.00),
(00000000003, '01', 0001, 0.00),
(00000000004, '01', 0001, 0.00),
(00000000005, '01', 0001, 0.00),
(00000000006, '01', 0001, 0.00),
(00000000007, '01', 0001, 0.00),
(00000000008, '01', 0001, 0.00),
(00000000009, '01', 0001, 0.00),
(00000000010, '01', 0001, 0.00),
(00000000011, '01', 0001, 0.00),
(00000000012, '01', 0001, 0.00),
(00000000013, '01', 0001, 0.00),
(00000000014, '01', 0001, 0.00),
(00000000015, '01', 0001, 0.00),
(00000000016, '01', 0001, 0.00),
(00000000017, '01', 0001, 0.00),
(00000000018, '01', 0001, 0.00),
(00000000019, '01', 0001, 0.00),
(00000000020, '01', 0001, 0.00),
(00000000021, '01', 0001, 0.00),
(00000000022, '01', 0001, 0.00),
(00000000023, '01', 0001, 0.00),
(00000000024, '01', 0001, 0.00),
(00000000025, '01', 0001, 0.00),
(00000000026, '01', 0001, 0.00),
(00000000027, '01', 0001, 0.00),
(00000000028, '01', 0001, 0.00),
(00000000029, '01', 0001, 0.00),
(00000000030, '01', 0001, 0.00),
(00000000031, '01', 0001, 0.00),
(00000000032, '01', 0001, 0.00),
(00000000033, '01', 0001, 0.00),
(00000000034, '01', 0001, 0.00),
(00000000035, '01', 0001, 0.00),
(00000000036, '01', 0001, 0.00),
(00000000037, '01', 0001, 0.00),
(00000000038, '01', 0001, 0.00),
(00000000039, '01', 0001, 0.00),
(00000000040, '01', 0001, 0.00),
(00000000041, '01', 0001, 0.00),
(00000000042, '01', 0001, 0.00),
(00000000043, '01', 0001, 0.00),
(00000000044, '01', 0001, 0.00),
(00000000045, '01', 0001, 0.00),
(00000000046, '01', 0001, 0.00),
(00000000047, '01', 0001, 0.00),
(00000000048, '01', 0001, 0.00),
(00000000049, '01', 0001, 0.00),
(00000000050, '01', 0001, 0.00)
ON CONFLICT (account_id, type_code, category_code) DO NOTHING;

-- INSERT statements para la tabla public.transaction_type

INSERT INTO public.transaction_type(
  tran_type, 
  tran_type_desc
) VALUES
('01', 'Purchase'),
('02', 'Payment'),
('03', 'Credit'),
('04', 'Authorization'),
('05', 'Refund'),
('06', 'Reversal'),
('07', 'Adjustment')
ON CONFLICT (tran_type) DO NOTHING;


